"DOY","Ztherm","Lake","Year","sd.lratio","regression.se","grav.m3","grav.m2","DOC","kPAR","cumulative.load","daily.load","Manual_Chl","sd.lratio.m3","regression.se.m3"
150,NA,"L",2013,0.2335427,NA,0.0238831596648675,0.19106527731894,3.520428571,0.901828981129331,0.3,0.3,1.946677454,0.0291928375,NA
151,NA,"L",2013,0.2335427,NA,0.0243811064294544,0.195048851435635,3.595428571,0.89788017316296,0.6,0.3,1.208716414,0.0291928375,NA
152,NA,"L",2013,0.2335427,NA,0.0248790531940414,0.199032425552331,3.670428571,0.893931365196589,0.9,0.3,1.510794978,0.0291928375,NA
153,NA,"L",2013,0.2335427,NA,0.0253769999586283,0.203015999669026,3.745428571,0.889982557230218,1.2,0.3,6.319233067,0.0291928375,NA
154,NA,"L",2013,0.2335427,NA,0.0258749467232153,0.206999573785722,3.820428571,0.886033749263848,1.5,0.3,1.810977651,0.0291928375,NA
155,2.25,"L",2013,0.2335427,NA,0.0263728934878021,0.210983147902417,3.895428571,0.882084941297477,1.8,0.3,2.302472918,0.0291928375,NA
156,NA,"L",2013,0.2335427,NA,0.0291625907582771,0.233300726066217,3.87671428528571,0.888948494610051,2.1,0.3,3.405881228,0.0291928375,NA
157,NA,"L",2013,0.2335427,NA,0.031952288028752,0.255618304230016,3.85799999957143,0.895812047922626,2.4,0.3,3.096563809,0.0291928375,NA
158,NA,"L",2013,0.2335427,NA,0.034741985299227,0.277935882393816,3.83928571385714,0.9026756012352,2.7,0.3,3.105238945,0.0291928375,NA
159,NA,"L",2013,0.2335427,NA,0.0375316825697019,0.300253460557615,3.82057142814286,0.909539154547775,3,0.3,1.801555649,0.0291928375,NA
160,NA,"L",2013,0.2335427,NA,0.0403213798401769,0.322571038721415,3.80185714242857,0.916402707860349,3.3,0.3,3.330217959,0.0291928375,NA
161,NA,"L",2013,0.2335427,NA,0.0431110771106517,0.344888616885214,3.78314285671429,0.923266261172924,3.6,0.3,2.457935944,0.0291928375,NA
162,2.75,"L",2013,0.2335427,NA,0.0459007743811267,0.367206195049014,3.764428571,0.930129814485498,3.9,0.3,1.77403651,0.0291928375,NA
163,NA,"L",2013,0.2335427,NA,0.049278141664946,0.394225133319568,3.77899999957143,0.91843563288773,4.2,0.3,2.163613296,0.0291928375,NA
164,NA,"L",2013,0.2335427,NA,0.0526555089487653,0.421244071590122,3.79357142814286,0.906741451289962,4.5,0.3,2.03572686,0.0291928375,NA
165,NA,"L",2013,0.2335427,NA,0.0560328762325844,0.448263009860675,3.80814285671429,0.895047269692194,4.8,0.3,1.618918191,0.0291928375,NA
166,NA,"L",2013,0.2335427,NA,0.0594102435164036,0.475281948131229,3.82271428528571,0.883353088094426,5.1,0.3,2.953912407,0.0291928375,NA
167,NA,"L",2013,0.2335427,NA,0.0627876108002229,0.502300886401783,3.83728571385714,0.871658906496658,5.4,0.3,2.158385235,0.0291928375,NA
168,NA,"L",2013,0.2335427,NA,0.0661649780840421,0.529319824672337,3.85185714242857,0.85996472489889,5.7,0.3,2.662404869,0.0291928375,NA
169,2.25,"L",2013,0.2335427,NA,0.0695423453678612,0.55633876294289,3.866428571,0.848270543301122,6,0.3,1.942081356,0.0291928375,NA
170,NA,"L",2013,0.2335427,NA,0.0746385837157805,0.597108669726244,3.86199999957143,0.867551741679217,6.3,0.3,2.033658616,0.0291928375,NA
171,NA,"L",2013,0.2335427,NA,0.0797348220636998,0.637878576509598,3.85757142814286,0.886832940057311,6.6,0.3,1.586688052,0.0291928375,NA
172,NA,"L",2013,0.2335427,NA,0.0848310604116191,0.678648483292953,3.85314285671429,0.906114138435406,6.9,0.3,2.871125186,0.0291928375,NA
173,NA,"L",2013,0.2335427,NA,0.0899272987595384,0.719418390076307,3.84871428528571,0.925395336813501,7.2,0.3,2.449375711,0.0291928375,NA
174,NA,"L",2013,0.2335427,NA,0.0950235371074576,0.760188296859661,3.84428571385714,0.944676535191596,7.5,0.3,1.73244182,0.0291928375,NA
175,NA,"L",2013,0.2335427,NA,0.100119775455377,0.800958203643015,3.83985714242857,0.96395773356969,7.8,0.3,1.787652452,0.0291928375,NA
176,2.25,"L",2013,0.2335427,NA,0.105216013803296,0.841728110426369,3.835428571,0.983238931947785,8.1,0.3,2.285122646,0.0291928375,NA
177,NA,"L",2013,0.2335427,NA,0.0991722527532662,0.79337802202613,3.856428571,0.981689948804712,8.4,0.3,1.260020362,0.0291928375,NA
178,NA,"L",2013,0.2335427,NA,0.0931284917032364,0.745027933625891,3.877428571,0.98014096566164,8.7,0.3,1.630982949,0.0291928375,NA
179,NA,"L",2013,0.2335427,NA,0.0870847306532065,0.696677845225652,3.898428571,0.978591982518567,9,0.3,2.282077731,0.0291928375,NA
180,NA,"L",2013,0.2335427,NA,0.0810409696031765,0.648327756825412,3.919428571,0.977042999375495,9.3,0.3,2.354753536,0.0291928375,NA
181,NA,"L",2013,0.2335427,NA,0.0749972085531466,0.599977668425173,3.940428571,0.975494016232422,9.6,0.3,1.67682903,0.0291928375,NA
182,NA,"L",2013,0.2335427,NA,0.0689534475031167,0.551627580024934,3.961428571,0.97394503308935,9.9,0.3,1.717274696,0.0291928375,NA
183,2.25,"L",2013,0.2335427,NA,0.0629096864530869,0.503277491624695,3.982428571,0.972396049946277,10.2,0.3,2.35211078,0.0291928375,NA
184,NA,"L",2013,0.2335427,NA,0.0638269645041507,0.510615716033206,3.95528571385714,0.970576770379404,10.5,0.3,1.753095537,0.0291928375,NA
185,NA,"L",2013,0.2335427,NA,0.0647442425552148,0.517953940441718,3.92814285671429,0.968757490812531,10.8,0.3,1.716929988,0.0291928375,NA
186,NA,"L",2013,0.2335427,NA,0.0656615206062786,0.525292164850229,3.90099999957143,0.966938211245658,11.1,0.3,2.476205435,0.0291928375,NA
187,NA,"L",2013,0.2335427,NA,0.0665787986573426,0.532630389258741,3.87385714242857,0.965118931678785,11.4,0.3,2.03480764,0.0291928375,NA
188,NA,"L",2013,0.2335427,NA,0.0674960767084065,0.539968613667252,3.84671428528571,0.963299652111912,11.7,0.3,2.29649799,0.0291928375,NA
189,NA,"L",2013,0.2335427,NA,0.0684133547594705,0.547306838075764,3.81957142814286,0.961480372545039,12,0.3,2.363083965,0.0291928375,NA
190,2.25,"L",2013,0.2335427,NA,0.0693306328105344,0.554645062484275,3.792428571,0.959661092978166,12.3,0.3,2.986717059,0.0291928375,NA
191,NA,"L",2013,0.2335427,NA,0.0677854451069585,0.542283560855668,4.31485714242857,0.956817519258958,12.6,0.3,2.938860185,0.0291928375,NA
192,NA,"L",2013,0.2335427,NA,0.0662402574033828,0.529922059227062,4.83728571385714,0.953973945539749,12.9,0.3,1.909391607,0.0291928375,NA
193,NA,"L",2013,0.2335427,NA,0.0646950696998069,0.517560557598455,5.35971428528571,0.951130371820541,13.2,0.3,1.710035841,0.0291928375,NA
194,NA,"L",2013,0.2335427,NA,0.063149881996231,0.505199055969848,5.88214285671429,0.948286798101333,13.5,0.3,1.446219796,0.0291928375,NA
195,NA,"L",2013,0.2335427,NA,0.0616046942926551,0.492837554341241,6.40457142814286,0.945443224382125,13.8,0.3,2.195268924,0.0291928375,NA
196,NA,"L",2013,0.2335427,NA,0.0600595065890794,0.480476052712635,6.92699999957143,0.942599650662916,14.1,0.3,1.72169844,0.0291928375,NA
197,2.75,"L",2013,0.2335427,NA,0.0585143188855035,0.468114551084028,7.449428571,0.939756076943708,14.4,0.3,1.453286297,0.0291928375,NA
198,NA,"L",2013,0.2335427,NA,0.0713335536636289,0.570668429309031,6.97799999957143,0.949662950203055,14.7,0.3,1.673152152,0.0291928375,NA
199,NA,"L",2013,0.2335427,NA,0.0841527884417541,0.673222307534033,6.50657142814286,0.959569823462403,15,0.3,2.182055141,0.0291928375,NA
200,NA,"L",2013,0.2335427,NA,0.0969720232198794,0.775776185759035,6.03514285671429,0.96947669672175,15.3,0.3,2.704516621,0.0291928375,NA
201,NA,"L",2013,0.2335427,NA,0.109791257998005,0.878330063984038,5.56371428528571,0.979383569981098,15.6,0.3,2.798162124,0.0291928375,NA
202,NA,"L",2013,0.2335427,NA,0.12261049277613,0.98088394220904,5.09228571385714,0.989290443240445,15.9,0.3,2.690038911,0.0291928375,NA
203,NA,"L",2013,0.2335427,NA,0.135429727554255,1.08343782043404,4.62085714242857,0.999197316499792,16.2,0.3,2.726175734,0.0291928375,NA
204,2.75,"L",2013,0.2335427,NA,0.14824896233238,1.18599169865904,4.149428571,1.00910418975914,16.5,0.3,3.62046157,0.0291928375,NA
205,NA,"L",2013,0.2335427,NA,0.131797474968917,1.05437979975134,4.12314285671428,0.992230690557827,16.8,0.3,2.389281725,0.0291928375,NA
206,NA,"L",2013,0.2335427,NA,0.115345987605455,0.922767900843638,4.09685714242857,0.975357191356514,17.1,0.3,2.540263556,0.0291928375,NA
207,NA,"L",2013,0.2335427,NA,0.0988945002419918,0.791156001935934,4.07057142814286,0.958483692155201,17.4,0.3,3.432366245,0.0291928375,NA
208,NA,"L",2013,0.2335427,NA,0.0824430128785287,0.65954410302823,4.04428571385714,0.941610192953889,17.7,0.3,3.834122692,0.0291928375,NA
209,NA,"L",2013,0.2335427,NA,0.0659915255150657,0.527932204120526,4.01799999957143,0.924736693752576,18,0.3,4.076854135,0.0291928375,NA
210,NA,"L",2013,0.2335427,NA,0.0495400381516029,0.396320305212823,3.99171428528571,0.907863194551263,18.3,0.3,3.046523789,0.0291928375,NA
211,3.75,"L",2013,0.2335427,NA,0.0330885507881399,0.264708406305119,3.965428571,0.89098969534995,18.6,0.3,4.056458949,0.0291928375,NA
212,NA,"L",2013,0.2335427,NA,0.0314210662908148,0.251368530326518,3.97928571385714,0.884855273866043,18.9,0.3,4.185724215,0.0291928375,NA
213,NA,"L",2013,0.2335427,NA,0.0297535817934896,0.238028654347917,3.99314285671429,0.878720852382137,19.2,0.3,1.96046575,0.0291928375,NA
214,NA,"L",2013,0.2335427,NA,0.0280860972961645,0.224688778369316,4.00699999957143,0.87258643089823,19.5,0.3,2.567840146,0.0291928375,NA
215,NA,"L",2013,0.2335427,NA,0.0264186127988394,0.211348902390715,4.02085714242857,0.866452009414323,19.8,0.3,1.913585546,0.0291928375,NA
216,NA,"L",2013,0.2335427,NA,0.0247511283015142,0.198009026412114,4.03471428528571,0.860317587930416,20.1,0.3,1.54831063,0.0291928375,NA
217,NA,"L",2013,0.2335427,NA,0.0230836438041891,0.184669150433513,4.04857142814286,0.85418316644651,20.4,0.3,3.287014635,0.0291928375,NA
218,3.75,"L",2013,0.2335427,NA,0.021416159306864,0.171329274454912,4.062428571,0.848048744962603,20.7,0.3,3.329183837,0.0291928375,NA
219,NA,"L",2013,0.2335427,NA,0.0208824506826889,0.167059605461511,4.03485714242857,0.85286736893379,21,0.3,4.72668499,0.0291928375,NA
220,NA,"L",2013,0.2335427,NA,0.0203487420585137,0.16278993646811,4.00728571385714,0.857685992904978,21.3,0.3,2.302875076,0.0291928375,NA
221,NA,"L",2013,0.2335427,NA,0.0198150334343386,0.158520267474709,3.97971428528571,0.862504616876165,21.6,0.3,2.217789806,0.0291928375,NA
222,NA,"L",2013,0.2335427,NA,0.0192813248101635,0.154250598481308,3.95214285671429,0.867323240847353,21.9,0.3,2.063992865,0.0291928375,NA
223,NA,"L",2013,0.2335427,NA,0.0187476161859884,0.149980929487907,3.92457142814286,0.87214186481854,22.2,0.3,1.647299098,0.0291928375,NA
224,NA,"L",2013,0.2335427,NA,0.0182139075618133,0.145711260494506,3.89699999957143,0.876960488789728,22.5,0.3,1.130410388,0.0291928375,NA
225,3.25,"L",2013,0.2335427,NA,0.0176801989376381,0.141441591501105,3.869428571,0.881779112760915,22.8,0.3,1.670222139,0.0291928375,NA
226,NA,"L",2013,0.2335427,NA,0.0273899092192002,0.219119273753602,3.87099999957143,0.878135518593551,23.1,0.3,1.979999167,0.0291928375,NA
227,NA,"L",2013,0.2335427,NA,0.0370996195007625,0.2967969560061,3.87257142814286,0.874491924426187,23.4,0.3,1.795006209,0.0291928375,NA
228,NA,"L",2013,0.2335427,NA,0.0468093297823246,0.374474638258597,3.87414285671429,0.870848330258823,23.7,0.3,1.385608749,0.0291928375,NA
229,NA,"L",2013,0.2335427,NA,0.0565190400638867,0.452152320511094,3.87571428528571,0.867204736091458,24,0.3,1.015220673,0.0291928375,NA
230,NA,"L",2013,0.2335427,NA,0.0662287503454489,0.529830002763591,3.87728571385714,0.863561141924094,24.3,0.3,1.603521262,0.0291928375,NA
231,NA,"L",2013,0.2335427,NA,0.075938460627011,0.607507685016088,3.87885714242857,0.85991754775673,24.6,0.3,1.939553502,0.0291928375,NA
232,3.75,"L",2013,0.2335427,NA,0.0856481709085731,0.685185367268585,3.880428571,0.856273953589366,24.9,0.3,1.256630739,0.0291928375,NA
233,NA,"L",2013,0.2335427,NA,0.0765896113494144,0.612716890795315,3.87728571385714,0.84735438200021,25.2,0.3,1.532224286,0.0291928375,NA
234,NA,"L",2013,0.2335427,NA,0.0675310517902555,0.540248414322044,3.87414285671429,0.838434810411053,25.5,0.3,1.437314855,0.0291928375,NA
235,NA,"L",2013,0.2335427,NA,0.0584724922310967,0.467779937848774,3.87099999957143,0.829515238821897,25.8,0.3,1.28983755,0.0291928375,NA
236,NA,"L",2013,0.2335427,NA,0.0494139326719379,0.395311461375503,3.86785714242857,0.82059566723274,26.1,0.3,1.429731293,0.0291928375,NA
237,NA,"L",2013,0.2335427,NA,0.040355373112779,0.322842984902232,3.86471428528571,0.811676095643584,26.4,0.3,1.412898083,0.0291928375,NA
238,NA,"L",2013,0.2335427,NA,0.0312968135536202,0.250374508428962,3.86157142814286,0.802756524054427,26.7,0.3,2.731633601,0.0291928375,NA
239,4.25,"L",2013,0.2335427,NA,0.0222382539944614,0.177906031955691,3.858428571,0.793836952465271,27,0.3,2.289144233,0.0291928375,NA
240,NA,"L",2013,0.2335427,NA,0.0222382539944614,0.177906031955691,3.858428571,0.793836952465271,27.3,0.3,0.895262507,0.0291928375,NA
241,NA,"L",2013,0.2335427,NA,0.0222382539944614,0.177906031955691,3.858428571,0.793836952465271,27.6,0.3,2.234680467,0.0291928375,NA
242,NA,"L",2013,0.2335427,NA,0.0222382539944614,0.177906031955691,3.858428571,0.793836952465271,27.9,0.3,2.98723412,0.0291928375,NA
243,NA,"L",2013,0.2335427,NA,0.0222382539944614,0.177906031955691,3.858428571,0.793836952465271,28.2,0.3,1.923352255,0.0291928375,NA
244,NA,"L",2013,0.2335427,NA,0.0222382539944614,0.177906031955691,3.858428571,0.793836952465271,28.5,0.3,2.789372086,0.0291928375,NA
245,NA,"L",2013,0.2335427,NA,0.0222382539944614,0.177906031955691,3.858428571,0.793836952465271,28.8,0.3,2.789372086,0.0291928375,NA
150,NA,"L",2014,0.2335427,NA,0.00950550555607035,0.0760440444485628,3.168,0.685295806600018,0.3,0.3,1.420108212,0.0291928375,NA
151,NA,"L",2014,0.2335427,NA,0.0106500489678148,0.0852003917425188,3.158,0.707884903469491,0.6,0.3,1.066093737,0.0291928375,NA
152,NA,"L",2014,0.2335427,NA,0.0117945923795594,0.0943567390364748,3.148,0.730474000338964,0.9,0.3,1.578242721,0.0291928375,NA
153,NA,"L",2014,0.2335427,NA,0.0129391357913039,0.103513086330431,3.138,0.753063097208437,1.2,0.3,2.156575521,0.0291928375,NA
154,1.75,"L",2014,0.2335427,NA,0.0140836792030484,0.112669433624387,3.128,0.77565219407791,1.5,0.3,1.922605389,0.0291928375,NA
155,NA,"L",2014,0.2335427,NA,0.0229524737306424,0.183619789845139,3.22657142857143,0.77113445833863,1.8,0.3,1.78360214,0.0291928375,NA
156,NA,"L",2014,0.2335427,NA,0.0318212682582365,0.254570146065892,3.32514285714286,0.766616722599349,2.1,0.3,1.081347038,0.0291928375,NA
157,NA,"L",2014,0.2335427,NA,0.0406900627858305,0.325520502286644,3.42371428571429,0.762098986860069,2.4,0.3,1.967934409,0.0291928375,NA
158,NA,"L",2014,0.2335427,NA,0.0495588573134245,0.396470858507396,3.52228571428571,0.757581251120788,2.7,0.3,1.727328661,0.0291928375,NA
159,NA,"L",2014,0.2335427,NA,0.0584276518410186,0.467421214728149,3.62085714285714,0.753063515381508,3,0.3,1.84504623,0.0291928375,NA
160,NA,"L",2014,0.2335427,NA,0.0672964463686126,0.538371570948901,3.71942857142857,0.748545779642227,3.3,0.3,1.889858189,0.0291928375,NA
161,2.25,"L",2014,0.2335427,NA,0.0761652408962066,0.609321927169653,3.818,0.744028043902947,3.6,0.3,1.859265409,0.0291928375,NA
162,NA,"L",2014,0.2335427,NA,0.0689488032744784,0.551590426195827,3.93942857142857,0.744338348020466,3.9,0.3,1.33961904,0.0291928375,NA
163,NA,"L",2014,0.2335427,NA,0.0617323656527501,0.493858925222001,4.06085714285714,0.744648652137984,4.2,0.3,1.809972254,0.0291928375,NA
164,NA,"L",2014,0.2335427,NA,0.0545159280310219,0.436127424248175,4.18228571428571,0.744958956255503,4.5,0.3,2.163038784,0.0291928375,NA
165,NA,"L",2014,0.2335427,NA,0.0472994904092936,0.378395923274349,4.30371428571429,0.745269260373022,4.8,0.3,2.244820609,0.0291928375,NA
166,NA,"L",2014,0.2335427,NA,0.0400830527875654,0.320664422300523,4.42514285714286,0.745579564490541,5.1,0.3,2.006369282,0.0291928375,NA
167,NA,"L",2014,0.2335427,NA,0.0328666151658371,0.262932921326697,4.54657142857143,0.745889868608059,5.4,0.3,2.084617856,0.0291928375,NA
168,2.75,"L",2014,0.2335427,NA,0.0256501775441089,0.205201420352871,4.668,0.746200172725578,5.7,0.3,1.500338854,0.0291928375,NA
169,NA,"L",2014,0.2335427,NA,0.0283075036101758,0.226460028881406,4.51371428571429,0.746862425440406,6,0.3,1.649941855,0.0291928375,NA
170,NA,"L",2014,0.2335427,NA,0.0309648296762426,0.247718637409941,4.35942857142857,0.747524678155234,6.3,0.3,1.947941382,0.0291928375,NA
171,NA,"L",2014,0.2335427,NA,0.0336221557423094,0.268977245938475,4.20514285714286,0.748186930870062,6.6,0.3,1.933549849,0.0291928375,NA
172,NA,"L",2014,0.2335427,NA,0.0362794818083763,0.29023585446701,4.05085714285714,0.74884918358489,6.9,0.3,2.130636291,0.0291928375,NA
173,NA,"L",2014,0.2335427,NA,0.0389368078744431,0.311494462995545,3.89657142857143,0.749511436299718,7.2,0.3,1.570486805,0.0291928375,NA
174,NA,"L",2014,0.2335427,NA,0.04159413394051,0.33275307152408,3.74228571428571,0.750173689014546,7.5,0.3,2.089012875,0.0291928375,NA
175,2.75,"L",2014,0.2335427,NA,0.0442514600065768,0.354011680052614,3.588,0.750835941729374,7.8,0.3,2.276792218,0.0291928375,NA
176,NA,"L",2014,0.2335427,NA,0.0462814015213596,0.370251212170877,3.58942857142857,0.753335359697453,8.1,0.3,2.248267683,0.0291928375,NA
177,NA,"L",2014,0.2335427,NA,0.0483113430361425,0.38649074428914,3.59085714285714,0.755834777665531,8.4,0.3,1.779034767,0.0291928375,NA
178,NA,"L",2014,0.2335427,NA,0.0503412845509254,0.402730276407403,3.59228571428571,0.75833419563361,8.7,0.3,1.487843211,0.0291928375,NA
179,NA,"L",2014,0.2335427,NA,0.0523712260657084,0.418969808525667,3.59371428571429,0.760833613601688,9,0.3,1.511024783,0.0291928375,NA
180,NA,"L",2014,0.2335427,NA,0.0544011675804913,0.43520934064393,3.59514285714286,0.763333031569767,9.3,0.3,2.477756618,0.0291928375,NA
181,NA,"L",2014,0.2335427,NA,0.0564311090952741,0.451448872762193,3.59657142857143,0.765832449537845,9.6,0.3,2.261625094,0.0291928375,NA
182,2.75,"L",2014,0.2335427,NA,0.058461050610057,0.467688404880456,3.598,0.768331867505924,9.9,0.3,2.310918248,0.0291928375,NA
183,NA,"L",2014,0.2335427,NA,0.0568278920134037,0.45462313610723,3.598,0.769902292039731,10.2,0.3,2.444233826,0.0291928375,NA
184,NA,"L",2014,0.2335427,NA,0.0551947334167506,0.441557867334005,3.598,0.771472716573538,10.5,0.3,1.751027293,0.0291928375,NA
185,NA,"L",2014,0.2335427,NA,0.0535615748200974,0.428492598560779,3.598,0.773043141107345,10.8,0.3,2.040753843,0.0291928375,NA
186,NA,"L",2014,0.2335427,NA,0.0519284162234441,0.415427329787553,3.598,0.774613565641152,11.1,0.3,2.42691228,0.0291928375,NA
187,NA,"L",2014,0.2335427,NA,0.050295257626791,0.402362061014328,3.598,0.776183990174959,11.4,0.3,1.951905516,0.0291928375,NA
188,NA,"L",2014,0.2335427,NA,0.0486620990301377,0.389296792241102,3.598,0.777754414708766,11.7,0.3,2.086341393,0.0291928375,NA
189,3.25,"L",2014,0.2335427,NA,0.0470289404334846,0.376231523467877,3.598,0.779324839242573,12,0.3,3.703794578,0.0291928375,NA
190,NA,"L",2014,0.2335427,NA,0.044155088531405,0.35324070825124,3.61371428571429,0.77608483476278,12.3,0.3,2.645542934,0.0291928375,NA
191,NA,"L",2014,0.2335427,NA,0.0412812366293255,0.330249893034604,3.62942857142857,0.772844830282988,12.6,0.3,2.635718773,0.0291928375,NA
192,NA,"L",2014,0.2335427,NA,0.0384073847272459,0.307259077817967,3.64514285714286,0.769604825803195,12.9,0.3,3.013345704,0.0291928375,NA
193,NA,"L",2014,0.2335427,NA,0.0355335328251662,0.28426826260133,3.66085714285714,0.766364821323403,13.2,0.3,2.312727962,0.0291928375,NA
194,NA,"L",2014,0.2335427,NA,0.0326596809230867,0.261277447384694,3.67657142857143,0.76312481684361,13.5,0.3,2.379170309,0.0291928375,NA
195,NA,"L",2014,0.2335427,NA,0.0297858290210071,0.238286632168057,3.69228571428571,0.759884812363818,13.8,0.3,2.173207652,0.0291928375,NA
196,3.25,"L",2014,0.2335427,NA,0.0269119771189276,0.215295816951421,3.708,0.756644807884025,14.1,0.3,2.562468456,0.0291928375,NA
197,NA,"L",2014,0.2335427,NA,0.0317241526871224,0.253793221496979,3.67371428571429,0.743982261007846,14.4,0.3,2.179326208,0.0291928375,NA
198,NA,"L",2014,0.2335427,NA,0.0365363282553173,0.292290626042538,3.63942857142857,0.731319714131668,14.7,0.3,1.786015092,0.0291928375,NA
199,NA,"L",2014,0.2335427,NA,0.041348503823512,0.330788030588096,3.60514285714286,0.718657167255489,15,0.3,1.883308749,0.0291928375,NA
200,NA,"L",2014,0.2335427,NA,0.0461606793917069,0.369285435133655,3.57085714285714,0.70599462037931,15.3,0.3,1.813160798,0.0291928375,NA
201,NA,"L",2014,0.2335427,NA,0.0509728549599018,0.407782839679214,3.53657142857143,0.693332073503131,15.6,0.3,2.101853225,0.0291928375,NA
202,NA,"L",2014,0.2335427,NA,0.0557850305280965,0.446280244224772,3.50228571428571,0.680669526626953,15.9,0.3,1.815056688,0.0291928375,NA
203,3.75,"L",2014,0.2335427,NA,0.0605972060962914,0.484777648770331,3.468,0.668006979750774,16.2,0.3,2.349525475,0.0291928375,NA
204,NA,"L",2014,0.2335427,NA,0.0571281823185145,0.457025458548116,3.49228571428571,0.680382171944038,16.5,0.3,1.839530912,0.0291928375,NA
205,NA,"L",2014,0.2335427,NA,0.0536591585407376,0.429273268325901,3.51657142857143,0.692757364137303,16.8,0.3,2.278860462,0.0291928375,NA
206,NA,"L",2014,0.2335427,NA,0.0501901347629607,0.401521078103686,3.54085714285714,0.705132556330567,17.1,0.3,2.654677679,0.0291928375,NA
207,NA,"L",2014,0.2335427,NA,0.046721110985184,0.373768887881472,3.56514285714286,0.717507748523832,17.4,0.3,2.495509048,0.0291928375,NA
208,NA,"L",2014,0.2335427,NA,0.0432520872074071,0.346016697659257,3.58942857142857,0.729882940717096,17.7,0.3,3.100901377,0.0291928375,NA
209,NA,"L",2014,0.2335427,NA,0.0397830634296302,0.318264507437042,3.61371428571429,0.742258132910361,18,0.3,2.689493124,0.0291928375,NA
210,3.25,"L",2014,0.2335427,NA,0.0363140396518534,0.290512317214827,3.638,0.754633325103625,18.3,0.3,2.512830594,0.0291928375,NA
211,NA,"L",2014,0.2335427,NA,0.0355568416344664,0.284454733075731,3.63657142857143,0.753042480811674,18.6,0.3,1.784808616,0.0291928375,NA
212,NA,"L",2014,0.2335427,NA,0.0347996436170792,0.278397148936634,3.63514285714286,0.751451636519723,18.9,0.3,1.816004633,0.0291928375,NA
213,NA,"L",2014,0.2335427,NA,0.0340424455996923,0.272339564797538,3.63371428571429,0.749860792227772,19.2,0.3,2.204145139,0.0291928375,NA
214,NA,"L",2014,0.2335427,NA,0.0332852475823052,0.266281980658442,3.63228571428571,0.748269947935821,19.5,0.3,1.598838987,0.0291928375,NA
215,NA,"L",2014,0.2335427,NA,0.0325280495649181,0.260224396519345,3.63085714285714,0.74667910364387,19.8,0.3,1.574106232,0.0291928375,NA
216,NA,"L",2014,0.2335427,NA,0.0317708515475311,0.254166812380249,3.62942857142857,0.745088259351919,20.1,0.3,1.673726664,0.0291928375,NA
217,3.75,"L",2014,0.2335427,NA,0.0310136535301441,0.248109228241153,3.628,0.743497415059968,20.4,0.3,1.628311467,0.0291928375,NA
218,NA,"L",2014,0.2335427,NA,0.04112232532075,0.328978602566,3.59371428571429,0.740715829456385,20.7,0.3,1.395806342,0.0291928375,NA
219,NA,"L",2014,0.2335427,NA,0.051230997111356,0.409847976890848,3.55942857142857,0.737934243852801,21,0.3,1.579276843,0.0291928375,NA
220,NA,"L",2014,0.2335427,NA,0.0613396689019619,0.490717351215695,3.52514285714286,0.735152658249218,21.3,0.3,1.244479804,0.0291928375,NA
221,NA,"L",2014,0.2335427,NA,0.0714483406925679,0.571586725540543,3.49085714285714,0.732371072645634,21.6,0.3,1.626501753,0.0291928375,NA
222,NA,"L",2014,0.2335427,NA,0.0815570124831737,0.65245609986539,3.45657142857143,0.729589487042051,21.9,0.3,1.792219824,0.0291928375,NA
223,NA,"L",2014,0.2335427,NA,0.0916656842737797,0.733325474190238,3.42228571428571,0.726807901438467,22.2,0.3,2.648086012,0.0291928375,NA
224,3.75,"L",2014,0.2335427,NA,0.101774356064386,0.814194848515085,3.388,0.724026315834884,22.5,0.3,2.316431843,0.0291928375,NA
225,NA,"L",2014,0.2335427,NA,0.091255580257388,0.730044642059104,3.34657142857143,0.710220098390858,22.8,0.3,1.819537884,0.0291928375,NA
226,NA,"L",2014,0.2335427,NA,0.0807368044503904,0.645894435603123,3.30514285714286,0.696413880946831,23.1,0.3,1.658559539,0.0291928375,NA
227,NA,"L",2014,0.2335427,NA,0.0702180286433926,0.561744229147141,3.26371428571429,0.682607663502805,23.4,0.3,1.941391941,0.0291928375,NA
228,NA,"L",2014,0.2335427,NA,0.059699252836395,0.47759402269116,3.22228571428571,0.668801446058778,23.7,0.3,2.147526952,0.0291928375,NA
229,NA,"L",2014,0.2335427,NA,0.0491804770293974,0.393443816235179,3.18085714285714,0.654995228614752,24,0.3,2.391838305,0.0291928375,NA
230,NA,"L",2014,0.2335427,NA,0.0386617012223996,0.309293609779197,3.13942857142857,0.641189011170725,24.3,0.3,2.841250546,0.0291928375,NA
231,3.75,"L",2014,0.2335427,NA,0.028142925415402,0.225143403323216,3.098,0.627382793726699,24.6,0.3,2.953281305,0.0291928375,NA
232,NA,"L",2014,0.2335427,NA,0.0283248186046418,0.226598548837134,3.098,0.637124162400916,24.9,0.3,2.909547419,0.0291928375,NA
233,NA,"L",2014,0.2335427,NA,0.0285067117938816,0.228053694351053,3.098,0.646865531075133,25.2,0.3,2.908468485,0.0291928375,NA
234,NA,"L",2014,0.2335427,NA,0.0286886049831214,0.229508839864971,3.098,0.65660689974935,25.5,0.3,6.359937263,0.0291928375,NA
235,NA,"L",2014,0.2335427,NA,0.0288704981723611,0.230963985378889,3.098,0.666348268423566,25.8,0.3,2.293855233,0.0291928375,NA
236,NA,"L",2014,0.2335427,NA,0.029052391361601,0.232419130892808,3.098,0.676089637097783,26.1,0.3,3.351245109,0.0291928375,NA
237,NA,"L",2014,0.2335427,NA,0.0292342845508408,0.233874276406726,3.098,0.685831005772,26.4,0.3,3.132872986,0.0291928375,NA
238,4.25,"L",2014,0.2335427,NA,0.0294161777400806,0.235329421920645,3.098,0.695572374446217,26.7,0.3,2.52877331,0.0291928375,NA
239,NA,"L",2014,0.2335427,NA,0.0294161777400806,0.235329421920645,3.098,0.695572374446217,27,0.3,2.468621873,0.0291928375,NA
240,NA,"L",2014,0.2335427,NA,0.0294161777400806,0.235329421920645,3.098,0.695572374446217,27.3,0.3,1.880206382,0.0291928375,NA
241,NA,"L",2014,0.2335427,NA,0.0294161777400806,0.235329421920645,3.098,0.695572374446217,27.6,0.3,1.949406388,0.0291928375,NA
242,NA,"L",2014,0.2335427,NA,0.0294161777400806,0.235329421920645,3.098,0.695572374446217,27.9,0.3,1.949406388,0.0291928375,NA
243,NA,"L",2014,0.2335427,NA,0.0294161777400806,0.235329421920645,3.098,0.695572374446217,28.2,0.3,1.949406388,0.0291928375,NA
244,NA,"L",2014,0.2335427,NA,0.0294161777400806,0.235329421920645,3.098,0.695572374446217,28.5,0.3,1.949406388,0.0291928375,NA
245,NA,"L",2014,0.2335427,NA,0.0294161777400806,0.235329421920645,3.098,0.695572374446217,28.8,0.3,1.949406388,0.0291928375,NA
150,NA,"L",2015,NA,NA,0.03978873575,0.318309886,3.49523809557143,0.746133596796245,0.3,0.3,2.598186865,NA,NA
151,NA,"L",2015,NA,NA,0.0329097054375,0.2632776435,3.46238095271429,0.761043187836145,0.6,0.3,2.014973091,NA,NA
152,NA,"L",2015,NA,NA,0.026030675125,0.208245401,3.42952380985714,0.775952778876045,0.9,0.3,2.275143677,NA,NA
153,2.75,"L",2015,NA,NA,0.02977965825,0.238237266,3.396666667,0.790862369915945,1.2,0.3,2.026937654,NA,NA
154,NA,"L",2015,NA,NA,0.049338032375,0.394704259,3.42238095271429,0.790654402399169,1.5,0.3,2.240091418,NA,NA
155,NA,"L",2015,NA,NA,0.02330735725,0.186458858,3.44809523842857,0.790446434882393,1.8,0.3,2.025283729,NA,NA
156,2.75,"L",2015,NA,NA,0.043077937875,0.344623503,3.47380952414286,0.790238467365616,2.1,0.3,2.400724663,NA,NA
157,NA,"L",2015,NA,NA,0.027197811375,0.217582491,3.49952380985714,0.79003049984884,2.4,0.3,2.037574384,NA,NA
158,NA,"L",2015,NA,NA,0.02617214625,0.20937717,3.52523809557143,0.789822532332064,2.7,0.3,1.882986762,NA,NA
159,NA,"L",2015,NA,NA,0.021998749875,0.175989999,3.55095238128571,0.789614564815287,3,0.3,2.054229368,NA,NA
160,2.75,"L",2015,NA,NA,0.053369957625,0.426959661,3.576666667,0.789406597298511,3.3,0.3,1.687081518,NA,NA
161,NA,"L",2015,NA,NA,0.05726041175,0.458083294,3.58380952414286,0.793659600208849,3.6,0.3,1.823133452,NA,NA
162,NA,"L",2015,NA,NA,0.036570269125,0.292562153,3.59095238128571,0.797912603119187,3.9,0.3,1.803911952,NA,NA
163,NA,"L",2015,NA,NA,0.0515662015,0.412529612,3.59809523842857,0.802165606029525,4.2,0.3,1.627727904,NA,NA
164,NA,"L",2015,NA,NA,0.07547481075,0.603798486,3.60523809557143,0.806418608939864,4.5,0.3,1.931329851,NA,NA
165,3.25,"L",2015,NA,NA,0.05266260225,0.421300818,3.61238095271429,0.810671611850202,4.8,0.3,2.054298184,NA,NA
166,NA,"L",2015,NA,NA,0.05018685875,0.40149487,3.61952380985714,0.81492461476054,5.1,0.3,2.369903794,NA,NA
167,2.75,"L",2015,NA,NA,0.029213774,0.233710192,3.626666667,0.819177617670878,5.4,0.3,1.593320011,NA,NA
168,NA,"L",2015,NA,NA,0.048276999375,0.386215995,3.60809523842857,0.808187085428409,5.7,0.3,2.490896801,NA,NA
169,NA,"L",2015,NA,NA,0.076748050375,0.613984403,3.58952380985714,0.797196553185939,6,0.3,1.665811184,NA,NA
170,NA,"L",2015,NA,NA,0.058003134875,0.464025079,3.57095238128571,0.78620602094347,6.3,0.3,1.73118618,NA,NA
171,NA,"L",2015,NA,NA,0.0374190955,0.299352764,3.55238095271429,0.775215488701,6.6,0.3,2.160815635,NA,NA
172,NA,"L",2015,NA,NA,0.046543978875,0.372351831,3.53380952414286,0.764224956458531,6.9,0.3,2.511228737,NA,NA
173,NA,"L",2015,NA,NA,0.061150865875,0.489206927,3.51523809557143,0.753234424216061,7.2,0.3,2.157453045,NA,NA
174,3.25,"L",2015,NA,NA,0.048736780375,0.389894243,3.496666667,0.742243891973592,7.5,0.3,2.071120515,NA,NA
175,NA,"L",2015,NA,NA,0.051636937125,0.413095497,3.47095238128571,0.744172573604828,7.8,0.3,1.643837053,NA,NA
176,NA,"L",2015,NA,NA,0.025889204125,0.207113633,3.44523809557143,0.746101255236064,8.1,0.3,2.275831834,NA,NA
177,NA,"L",2015,NA,NA,0.02992112925,0.239369034,3.41952380985714,0.7480299368673,8.4,0.3,1.94177812,NA,NA
178,NA,"L",2015,NA,NA,0.039399690375,0.315197523,3.39380952414286,0.749958618498537,8.7,0.3,1.666358583,NA,NA
179,NA,"L",2015,NA,NA,0.053405325375,0.427242603,3.36809523842857,0.751887300129773,9,0.3,1.736425563,NA,NA
180,NA,"L",2015,NA,NA,0.017789985875,0.142319887,3.34238095271429,0.753815981761009,9.3,0.3,2.033537713,NA,NA
181,3.25,"L",2015,NA,NA,0.0584982835,0.467986268,3.316666667,0.755744663392245,9.6,0.3,2.26641893,NA,NA
182,NA,"L",2015,NA,NA,0.042971834625,0.343774677,3.36380952414286,0.767132754539682,9.9,0.3,1.948224908,NA,NA
183,NA,"L",2015,NA,NA,0.050646639625,0.405173117,3.41095238128571,0.77852084568712,10.2,0.3,2.530730192,NA,NA
184,NA,"L",2015,NA,NA,0.041875433875,0.335003471,3.45809523842857,0.789908936834557,10.5,0.3,1.868270351,NA,NA
185,NA,"L",2015,NA,NA,0.03971800025,0.317744002,3.50523809557143,0.801297027981994,10.8,0.3,1.714920631,NA,NA
186,NA,"L",2015,NA,NA,0.043007202375,0.344057619,3.55238095271429,0.812685119129431,11.1,0.3,1.596604401,NA,NA
187,NA,"L",2015,NA,NA,0.007073553,0.056588424,3.59952380985714,0.824073210276869,11.4,0.3,2.070885916,NA,NA
188,3.25,"L",2015,NA,NA,0.0560932755,0.448746204,3.646666667,0.835461301424306,11.7,0.3,2.18153857,NA,NA
189,NA,"L",2015,NA,NA,0.05078811075,0.406304886,3.60238095271429,0.81843019425318,12,0.3,2.085725884,NA,NA
190,NA,"L",2015,NA,NA,0.035367765125,0.282942121,3.55809523842857,0.801399087082055,12.3,0.3,2.211205211,NA,NA
191,NA,"L",2015,NA,NA,0.034200628875,0.273605031,3.51380952414286,0.784367979910929,12.6,0.3,2.082671401,NA,NA
192,NA,"L",2015,NA,NA,0.052768705625,0.422149645,3.46952380985714,0.767336872739803,12.9,0.3,1.721537112,NA,NA
193,NA,"L",2015,NA,NA,0.033705480125,0.269643841,3.42523809557143,0.750305765568677,13.2,0.3,1.736972962,NA,NA
194,NA,"L",2015,NA,NA,0.02801127,0.22409016,3.38095238128571,0.733274658397552,13.5,0.3,2.34122247,NA,NA
195,4.25,"L",2015,NA,NA,0.04024851675,0.321988134,3.336666667,0.716243551226426,13.8,0.3,1.824087489,NA,NA
196,NA,"L",2015,NA,NA,0.035933649375,0.287469195,3.356666667,0.732430103829373,14.1,0.3,1.943733114,NA,NA
197,NA,"L",2015,NA,NA,0.051778408125,0.414227265,3.376666667,0.748616656432321,14.4,0.3,1.68645592,NA,NA
198,NA,"L",2015,NA,NA,0.032432240625,0.259457925,3.396666667,0.764803209035268,14.7,0.3,2.203199902,NA,NA
199,NA,"L",2015,NA,NA,0.0228122085,0.182497668,3.416666667,0.780989761638215,15,0.3,2.226816228,NA,NA
200,NA,"L",2015,NA,NA,0.034165261125,0.273322089,3.436666667,0.797176314241162,15.3,0.3,1.686846919,NA,NA
201,NA,"L",2015,NA,NA,0.080921446625,0.647371573,3.456666667,0.81336286684411,15.6,0.3,1.631872491,NA,NA
202,3.25,"L",2015,NA,NA,0.03798497975,0.303879838,3.476666667,0.829549419447057,15.9,0.3,1.55554953,NA,NA
203,NA,"L",2015,NA,NA,0.0286832575,0.22946606,3.48380952414286,0.814644570066401,16.2,0.3,2.090201256,NA,NA
204,NA,"L",2015,NA,NA,0.028860096375,0.230880771,3.49095238128571,0.799739720685745,16.5,0.3,1.921488412,NA,NA
205,NA,"L",2015,NA,NA,0.0566945275,0.45355622,3.49809523842857,0.784834871305089,16.8,0.3,1.851535603,NA,NA
206,NA,"L",2015,NA,NA,0.042476685875,0.339813487,3.50523809557143,0.769930021924432,17.1,0.3,1.139761431,NA,NA
207,NA,"L",2015,NA,NA,0.043696873875,0.349574991,3.51238095271429,0.755025172543776,17.4,0.3,1.5649335,NA,NA
208,NA,"L",2015,NA,NA,0.02834726375,0.22677811,3.51952380985714,0.74012032316312,17.7,0.3,1.530837625,NA,NA
209,4.25,"L",2015,NA,NA,0.031194368875,0.249554951,3.526666667,0.725215473782464,18,0.3,1.547182156,NA,NA
210,NA,"L",2015,NA,NA,0.042176059875,0.337408479,3.50095238128571,0.719619758463623,18.3,0.3,1.994093757,NA,NA
211,NA,"L",2015,NA,NA,0.03414757725,0.273180618,3.47523809557143,0.714024043144782,18.6,0.3,1.933723546,NA,NA
212,NA,"L",2015,NA,NA,0.02044256825,0.163540546,3.44952380985714,0.708428327825941,18.9,0.3,2.029127247,NA,NA
213,NA,"L",2015,NA,NA,0.033334118625,0.266672949,3.42380952414286,0.7028326125071,19.2,0.3,2.03139504,NA,NA
214,NA,"L",2015,NA,NA,0.01750704375,0.14005635,3.39809523842857,0.69723689718826,19.5,0.3,2.384921275,NA,NA
215,NA,"L",2015,NA,NA,0.04175164675,0.334013174,3.37238095271429,0.691641181869419,19.8,0.3,2.112836175,NA,NA
216,4.25,"L",2015,NA,NA,0.06306072525,0.504485802,3.346666667,0.686045466550578,20.1,0.3,2.356767017,NA,NA
217,NA,"L",2015,NA,NA,0.061150865875,0.489206927,3.33809523842857,0.675369473449026,20.4,0.3,2.375082964,NA,NA
218,NA,"L",2015,NA,NA,0.025836152375,0.206689219,3.32952380985714,0.664693480347474,20.7,0.3,2.085352871,NA,NA
219,NA,"L",2015,NA,NA,0.0369593145,0.295674516,3.32095238128571,0.654017487245922,21,0.3,2.248164761,NA,NA
220,NA,"L",2015,NA,NA,0.050045387625,0.400363101,3.31238095271429,0.643341494144369,21.3,0.3,2.357957217,NA,NA
221,NA,"L",2015,NA,NA,0.0310882655,0.248706124,3.30380952414286,0.632665501042817,21.6,0.3,2.428806195,NA,NA
222,NA,"L",2015,NA,NA,0.036075120375,0.288600963,3.29523809557143,0.621989507941265,21.9,0.3,1.906054908,NA,NA
223,4.25,"L",2015,NA,NA,0.03580986225,0.286478898,3.286666667,0.611313514839713,22.2,0.3,2.480534552,NA,NA
224,NA,"L",2015,NA,NA,0.056305482125,0.450443857,3.33238095271429,0.638031632886471,22.5,0.3,2.144862885,NA,NA
225,NA,"L",2015,NA,NA,0.0574549345,0.459639476,3.37809523842857,0.664749750933228,22.8,0.3,1.830107306,NA,NA
226,NA,"L",2015,NA,NA,0.069975123375,0.559800987,3.42380952414286,0.691467868979986,23.1,0.3,2.385014333,NA,NA
227,NA,"L",2015,NA,NA,0.0246867,0.1974936,3.46952380985714,0.718185987026743,23.4,0.3,2.190609741,NA,NA
228,NA,"L",2015,NA,NA,0.073352744875,0.586821959,3.51523809557143,0.744904105073501,23.7,0.3,2.13023953,NA,NA
229,NA,"L",2015,NA,NA,0.066951179375,0.535609435,3.56095238128571,0.771622223120258,24,0.3,2.876186995,NA,NA
230,4.25,"L",2015,NA,NA,0.05071737525,0.405739002,3.606666667,0.798340341167016,24.3,0.3,2.3904195,NA,NA
231,NA,"L",2015,NA,NA,0.0700989105,0.560791284,3.57952380985714,0.786649068212069,24.6,0.3,2.583563511,NA,NA
232,NA,"L",2015,NA,NA,0.0368178435,0.294542748,3.55238095271429,0.774957795257122,24.9,0.3,2.946253975,NA,NA
233,NA,"L",2015,NA,NA,0.070275749375,0.562205995,3.52523809557143,0.763266522302175,25.2,0.3,2.544307234,NA,NA
234,NA,"L",2015,NA,NA,0.0438913965,0.351131172,3.49809523842857,0.751575249347227,25.5,0.3,2.628997569,NA,NA
235,NA,"L",2015,NA,NA,0.041397969125,0.331183753,3.47095238128571,0.73988397639228,25.8,0.3,2.859765046,NA,NA
236,NA,"L",2015,NA,NA,0.04498779725,0.359902378,3.44380952414286,0.728192703437333,26.1,0.3,3.158097112,NA,NA
237,4.75,"L",2015,NA,NA,0.0258184685,0.206547748,3.416666667,0.716501430482386,26.4,0.3,3.380575416,NA,NA
238,NA,"L",2015,NA,NA,0.058179973625,0.465439789,3.416666667,0.716501430482386,26.7,0.3,2.72119508,NA,NA
239,NA,"L",2015,NA,NA,0.0664913985,0.531931188,3.416666667,0.716501430482386,27,0.3,3.354378498,NA,NA
240,NA,"L",2015,NA,NA,0.02617214625,0.20937717,3.416666667,0.716501430482386,27.3,0.3,3.246775634,NA,NA
241,NA,"L",2015,NA,NA,0.069815968375,0.558527747,3.416666667,0.716501430482386,27.6,0.3,3.009986776,NA,NA
242,NA,"L",2015,NA,NA,0.03052238125,0.24417905,3.416666667,0.716501430482386,27.9,0.3,2.595840873,NA,NA
243,NA,"L",2015,NA,NA,0.068047580125,0.544380641,3.416666667,0.716501430482386,28.2,0.3,2.151275264,NA,NA
244,NA,"L",2015,NA,NA,0.031159001125,0.249272009,3.416666667,0.716501430482386,28.5,0.3,2.135713513,NA,NA
245,NA,"L",2015,NA,NA,0.03618122375,0.28944979,3.416666667,0.716501430482386,28.8,0.3,2.599047062,NA,NA
150,NA,"L",2024,NA,NA,0.0525211312203255,0.420169049762604,4.06457142857143,0.647782573079406,0.3,0.3,3.268530209,NA,NA
151,NA,"L",2024,NA,NA,0.0399655745986315,0.319724596789052,3.98314285714286,0.649860034939807,0.6,0.3,2.630575677,NA,NA
152,NA,"L",2024,NA,NA,0.0408497687269198,0.326798149815359,3.90171428571429,0.651937496800208,0.9,0.3,2.258271925,NA,NA
153,NA,"L",2024,NA,NA,0.0401424134242892,0.321139307394313,3.82028571428571,0.654014958660608,1.2,0.3,2.799039122,NA,NA
154,NA,"L",2024,NA,NA,0.0300036540865832,0.240029232692666,3.73885714285714,0.656092420521009,1.5,0.3,2.375383939,NA,NA
155,NA,"L",2024,NA,NA,0.0313004721414061,0.250403777131249,3.65742857142857,0.65816988238141,1.8,0.3,2.708890941,NA,NA
156,2.75,"L",2024,NA,NA,0.0235785100876882,0.188628080701506,3.576,0.660247344241811,2.1,0.3,2.489485268,NA,NA
157,NA,"L",2024,NA,NA,0.0146776225295859,0.117420980236687,3.63657142857143,0.649845778935321,2.4,0.3,3.841095052,NA,NA
158,NA,"L",2024,NA,NA,0.0262310924725531,0.209848739780425,3.69714285714286,0.63944421362883,2.7,0.3,3.696203412,NA,NA
159,NA,"L",2024,NA,NA,0.0249932206929495,0.199945765543596,3.75771428571429,0.62904264832234,3,0.3,3.51174102,NA,NA
160,NA,"L",2024,NA,NA,0.0351909263058746,0.281527410446997,3.81828571428571,0.618641083015849,3.3,0.3,3.263200129,NA,NA
161,NA,"L",2024,NA,NA,0.0321846662696944,0.257477330157555,3.87885714285714,0.608239517709359,3.6,0.3,3.819926223,NA,NA
162,NA,"L",2024,NA,NA,0.0280053753566517,0.224043002853213,3.93942857142857,0.597837952402868,3.9,0.3,2.732325185,NA,NA
163,3.25,"L",2024,NA,NA,0.0308289019396523,0.246631215517219,4,0.587436387096378,4.2,0.3,2.720008189,NA,NA
164,NA,"L",2024,NA,NA,0.0282942121052258,0.226353696841807,3.98907142857143,0.59463518210909,4.5,0.3,2.547720007,NA,NA
165,NA,"L",2024,NA,NA,0.0318309886183791,0.254647908947032,3.97814285714286,0.601833977121802,4.8,0.3,3.537049759,NA,NA
166,NA,"L",2024,NA,NA,0.0330099141227635,0.264079312982108,3.96721428571429,0.609032772134514,5.1,0.3,3.012629767,NA,NA
167,NA,"L",2024,NA,NA,0.0175070437401085,0.140056349920868,3.95628571428571,0.616231567147227,5.4,0.3,3.493406136,NA,NA
168,NA,"L",2024,NA,NA,0.0217511755558924,0.174009404447139,3.94535714285714,0.623430362159939,5.7,0.3,4.294649007,NA,NA
169,NA,"L",2024,NA,NA,0.0557454924748168,0.445963939798534,3.93442857142857,0.630629157172651,6,0.3,4.601556105,NA,NA
170,3.75,"L",2024,NA,NA,0.0209671900954767,0.167737520763814,3.9235,0.637827952185363,6.3,0.3,3.413724833,NA,NA
171,NA,"L",2024,NA,NA,0.0422644793321811,0.338115834657449,3.91028571428571,0.64871492887136,6.6,0.3,4.826836011,NA,NA
172,NA,"L",2024,NA,NA,0.0435730866420478,0.348584693136382,3.89707142857143,0.659601905557356,6.9,0.3,4.962661639,NA,NA
173,NA,"L",2024,NA,NA,0.0284121046556643,0.227296837245314,3.88385714285714,0.670488882243353,7.2,0.3,5.969815208,NA,NA
174,NA,"L",2024,NA,NA,0.0362519592598206,0.290015674078565,3.87064285714286,0.68137585892935,7.5,0.3,6.466735921,NA,NA
175,NA,"L",2024,NA,NA,0.0353088188563131,0.282470550850505,3.85742857142857,0.692262835615347,7.8,0.3,4.921910294,NA,NA
176,NA,"L",2024,NA,NA,0.025936361096457,0.207490888771656,3.84421428571429,0.703149812301343,8.1,0.3,4.392957731,NA,NA
177,3.25,"L",2024,NA,NA,0.0314773109670637,0.25181848773651,3.831,0.71403678898734,8.4,0.3,6.045208591,NA,NA
178,NA,"L",2024,NA,NA,0.0182143990427391,0.145715192341913,3.817,0.700165408108196,8.7,0.3,5.088623745,NA,NA
179,NA,"L",2024,NA,NA,0.024050080289442,0.192400642315536,3.803,0.686294027229053,9,0.3,4.11414369,NA,NA
180,NA,"L",2024,NA,NA,0.0354267114067515,0.283413691254012,3.789,0.672422646349909,9.3,0.3,4.031669362,NA,NA
181,NA,"L",2024,NA,NA,0.0261721461973339,0.209377169578671,3.775,0.658551265470766,9.6,0.3,3.763409264,NA,NA
182,NA,"L",2024,NA,NA,0.0291194599582949,0.232955679666359,3.761,0.644679884591622,9.9,0.3,5.026019246,NA,NA
183,NA,"L",2024,NA,NA,0.0283649476354889,0.226919581083911,3.747,0.630808503712479,10.2,0.3,5.162981063,NA,NA
184,3.75,"L",2024,NA,NA,0.0255826834451417,0.204661467561133,3.733,0.616937122833335,10.5,0.3,5.012446782,NA,NA
185,NA,"L",2024,NA,NA,0.0241679728398804,0.193343782719043,3.75921428571429,0.63002518925261,10.8,0.3,5.618109142,NA,NA
186,NA,"L",2024,NA,NA,0.0252879520690456,0.202303616552365,3.78542857142857,0.643113255671886,11.1,0.3,4.157735075,NA,NA
187,NA,"L",2024,NA,NA,0.0353088188563131,0.282470550850505,3.81164285714286,0.656201322091161,11.4,0.3,6.744974466,NA,NA
188,NA,"L",2024,NA,NA,0.0231658861611537,0.185327089289229,3.83785714285714,0.669289388510437,11.7,0.3,4.812271014,NA,NA
189,NA,"L",2024,NA,NA,0.0248753281425111,0.199002625140089,3.86407142857143,0.682377454929712,12,0.3,3.698230271,NA,NA
190,NA,"L",2024,NA,NA,0.0167996884374778,0.134397507499823,3.89028571428571,0.695465521348988,12.3,0.3,5.431681708,NA,NA
191,3.75,"L",2024,NA,NA,0.03554460395719,0.28435683165752,3.9165,0.708553587768263,12.6,0.3,4.817150101,NA,NA
192,NA,"L",2024,NA,NA,0.0348018808894278,0.278415047115422,3.92714285714286,0.704137011404671,12.9,0.3,4.266546373,NA,NA
193,NA,"L",2024,NA,NA,0.0330217033778073,0.264173627022459,3.93778571428571,0.699720435041078,13.2,0.3,4.641551732,NA,NA
194,NA,"L",2024,NA,NA,0.0228004192547945,0.182403354038356,3.94842857142857,0.695303858677486,13.5,0.3,3.842434102,NA,NA
195,NA,"L",2024,NA,NA,0.0238643995225014,0.190915196180011,3.95907142857143,0.690887282313893,13.8,0.3,3.970200182,NA,NA
196,NA,"L",2024,NA,NA,0.0249283797902083,0.199427038321667,3.96971428571429,0.686470705950301,14.1,0.3,4.587416853,NA,NA
197,NA,"L",2024,NA,NA,0.0259923600579153,0.207938880463322,3.98035714285714,0.682054129586708,14.4,0.3,4.33611428,NA,NA
198,3.25,"L",2024,NA,NA,0.0270563403256222,0.216450722604978,3.991,0.677637553223116,14.7,0.3,5.123229217,NA,NA
199,NA,"L",2024,NA,NA,0.0241679728398804,0.193343782719043,3.99314285714286,0.673614606590839,15,0.3,5.4915846,NA,NA
200,NA,"L",2024,NA,NA,0.0213385516293578,0.170708413034863,3.99528571428571,0.669591659958562,15.3,0.3,6.146221534,NA,NA
201,NA,"L",2024,NA,NA,0.0168586347126971,0.134869077701577,3.99742857142857,0.665568713326285,15.6,0.3,5.235441249,NA,NA
202,NA,"L",2024,NA,NA,0.0236374563629074,0.189099650903259,3.99957142857143,0.661545766694007,15.9,0.3,5.629929871,NA,NA
203,NA,"L",2024,NA,NA,0.0232248324363729,0.185798659490983,4.00171428571429,0.65752282006173,16.2,0.3,4.101115379,NA,NA
204,NA,"L",2024,NA,NA,0.0168586347126971,0.134869077701577,4.00385714285714,0.653499873429453,16.5,0.3,4.156056474,NA,NA
205,NA,"L",2024,NA,NA,0.0241679728398804,0.193343782719043,4.006,0.649476926797176,16.8,0.3,4.59858634,NA,NA
206,3.75,"L",2024,NA,NA,0.0256416297203609,0.205133037762887,4.035,0.645453980164899,17.1,0.3,6.798166438,NA,NA
207,NA,"L",2024,NA,NA,0.0243448116655381,0.194758493324305,4.064,0.641431033532622,17.4,0.3,3.381374328,NA,NA
208,NA,"L",2024,NA,NA,0.0267616089495261,0.214092871596209,4.093,0.637408086900345,17.7,0.3,0.958852002,NA,NA
209,NA,"L",2024,NA,NA,0.0265847701238684,0.212678160990948,4.122,0.633385140268067,18,0.3,3.120599152,NA,NA
210,NA,"L",2024,NA,NA,0.0220459069319885,0.176367255455908,4.151,0.62936219363579,18.3,0.3,3.534950638,NA,NA
211,NA,"L",2024,NA,NA,0.0155618166578742,0.124494533262994,4.18,0.625339247003513,18.6,0.3,3.237467386,NA,NA
212,3.75,"L",2024,NA,NA,0.0262900387477723,0.210320309982179,4.209,0.621316300371236,18.9,0.3,3.655016745,NA,NA
213,NA,"L",2024,NA,NA,0.0284121046556643,0.227296837245314,4.18685714285714,0.63290583677834,19.2,0.3,3.244794723,NA,NA
214,NA,"L",2024,NA,NA,0.0209848739780425,0.16787899182434,4.16471428571429,0.644495373185444,19.5,0.3,5.015322518,NA,NA
215,NA,"L",2024,NA,NA,0.0241090265646612,0.192872212517289,4.14257142857143,0.656084909592548,19.8,0.3,3.075492848,NA,NA
216,NA,"L",2024,NA,NA,0.0180965064923007,0.144772051938406,4.12042857142857,0.667674445999653,20.1,0.3,3.238768998,NA,NA
217,NA,"L",2024,NA,NA,0.0169175809879163,0.13534064790333,4.09828571428571,0.679263982406757,20.4,0.3,5.511346469,NA,NA
218,NA,"L",2024,NA,NA,0.023065677493281,0.184525419946248,4.07614285714286,0.690853518813861,20.7,0.3,4.752491753,NA,NA
219,4.25,"L",2024,NA,NA,0.0265258238486492,0.212206590789194,4.054,0.702443055220965,21,0.3,5.713508175,NA,NA
220,NA,"L",2024,NA,NA,0.0217511755558924,0.174009404447139,4.06057142857143,0.702166918454483,21.3,0.3,5.585266724,NA,NA
221,NA,"L",2024,NA,NA,0.0193343782719043,0.154675026175235,4.06714285714286,0.701890781688002,21.6,0.3,6.412019453,NA,NA
222,NA,"L",2024,NA,NA,0.0260542536468954,0.208434029175164,4.07371428571429,0.70161464492152,21.9,0.3,5.926660886,NA,NA
223,NA,"L",2024,NA,NA,0.0265847701238684,0.212678160990947,4.08028571428571,0.701338508155039,22.2,0.3,6.411688608,NA,NA
224,NA,"L",2024,NA,NA,0.0244627042159765,0.195701633727812,4.08685714285714,0.701062371388557,22.5,0.3,5.992427563,NA,NA
225,NA,"L",2024,NA,NA,0.0241679728398804,0.193343782719043,4.09342857142857,0.700786234622076,22.8,0.3,7.102329267,NA,NA
226,4.75,"L",2024,NA,NA,0.025405844619484,0.203246756955872,4.1,0.700510097855594,23.1,0.3,4.943519669,NA,NA
227,NA,"L",2024,NA,NA,0.0360161741589437,0.28812939327155,4.08157142857143,0.701672727163341,23.4,0.3,3.832531401,NA,NA
228,NA,"L",2024,NA,NA,0.0353265027388788,0.282612021911031,4.06314285714286,0.702835356471087,23.7,0.3,4.544933798,NA,NA
229,NA,"L",2024,NA,NA,0.0305931168387754,0.244744934710203,4.04471428571429,0.703997985778834,24,0.3,6.558410341,NA,NA
230,NA,"L",2024,NA,NA,0.0373483599788981,0.298786879831185,4.02628571428571,0.70516061508658,24.3,0.3,10.42647967,NA,NA
231,NA,"L",2024,NA,NA,0.0262900387477723,0.210320309982179,4.00785714285714,0.706323244394327,24.6,0.3,4.945255732,NA,NA
232,NA,"L",2024,NA,NA,0.0368532112670567,0.294825690136453,3.98942857142857,0.707485873702073,24.9,0.3,6.73281767,NA,NA
233,4.75,"L",2024,NA,NA,0.0361045935717726,0.28883674857418,3.971,0.70864850300982,25.2,0.3,5.51892281,NA,NA
234,NA,"L",2024,NA,NA,0.0407436654315252,0.325949323452202,3.971,0.70864850300982,25.5,0.3,5.566895273,NA,NA
235,NA,"L",2024,NA,NA,0.034177050372104,0.273416402976832,3.971,0.70864850300982,25.8,0.3,5.385366079,NA,NA
236,NA,"L",2024,NA,NA,0.0206606694643368,0.165285355714694,3.971,0.70864850300982,26.1,0.3,5.462853361,NA,NA
237,NA,"L",2024,NA,NA,0.0206606694643368,0.165285355714694,3.971,0.70864850300982,26.4,0.3,5.460502623,NA,NA
238,NA,"L",2024,NA,NA,0.0206606694643368,0.165285355714694,3.971,0.70864850300982,26.7,0.3,5.245375292,NA,NA
239,NA,"L",2024,NA,NA,0.0206606694643368,0.165285355714694,3.971,0.70864850300982,27,0.3,5.256711072,NA,NA
240,NA,"L",2024,NA,NA,0.0206606694643368,0.165285355714694,3.971,0.70864850300982,27.3,0.3,5.256711072,NA,NA
241,NA,"L",2024,NA,NA,0.0206606694643368,0.165285355714694,3.971,0.70864850300982,27.6,0.3,5.256711072,NA,NA
242,NA,"L",2024,NA,NA,0.0206606694643368,0.165285355714694,3.971,0.70864850300982,27.9,0.3,5.256711072,NA,NA
243,NA,"L",2024,NA,NA,0.0206606694643368,0.165285355714694,3.971,0.70864850300982,28.2,0.3,5.256711072,NA,NA
244,NA,"L",2024,NA,NA,0.0206606694643368,0.165285355714694,3.971,0.70864850300982,28.5,0.3,5.256711072,NA,NA
245,NA,"L",2024,NA,NA,0.0206606694643368,0.165285355714694,3.971,0.70864850300982,28.8,0.3,5.256711072,NA,NA
150,NA,"L",2025,NA,NA,0.0176838825657662,0.141471060526129,3.841,0.653973459686762,0.3,0.3,3.75726251958304,NA,NA
151,NA,"L",2025,NA,NA,0.0218690681063308,0.174952544850646,3.828,0.653973459686762,0.6,0.3,4.03904371357574,NA,NA
152,NA,"L",2025,NA,NA,0.0258774148212378,0.207019318569902,3.815,0.653973459686762,0.9,0.3,3.20314139095632,NA,NA
153,NA,"L",2025,NA,NA,0.023519563812469,0.188156510499752,3.802,0.653973459686762,1.2,0.3,2.675458226336,NA,NA
154,3.25,"L",2025,NA,NA,0.044917061717046,0.359336493736368,3.789,0.653973459686762,1.5,0.3,3.75087112480694,NA,NA
155,NA,"L",2025,NA,NA,0.0151491927313397,0.121193541850717,3.79971428571429,0.696279678014502,1.8,0.3,3.39675076479302,NA,NA
156,NA,"L",2025,NA,NA,0.0222227457576461,0.177781966061169,3.81042857142857,0.738585896342241,2.1,0.3,3.04207058093479,NA,NA
157,NA,"L",2025,NA,NA,0.032597290196229,0.260778321569832,3.82114285714286,0.780892114669981,2.4,0.3,3.56855312801032,NA,NA
158,NA,"L",2025,NA,NA,0.0331278066732019,0.265022453385615,3.83185714285714,0.823198332997721,2.7,0.3,2.86207197872795,NA,NA
159,NA,"L",2025,NA,NA,0.0277636956282529,0.222109565026023,3.84257142857143,0.865504551325461,3,0.3,3.02477437488357,NA,NA
160,NA,"L",2025,NA,NA,0.0286184166189316,0.228947332951452,3.85328571428571,0.9078107696532,3.3,0.3,3.91973419518075,NA,NA
161,2.75,"L",2025,NA,NA,0.0309467944900907,0.247574355920726,3.864,0.95011698798094,3.6,0.3,4.53004318013092,NA,NA
162,NA,"L",2025,NA,NA,0.0252290057938264,0.201832046350611,3.85271428571429,0.909688723881241,3.9,0.3,3.34940690630851,NA,NA
163,NA,"L",2025,NA,NA,0.0243448116655381,0.194758493324305,3.84142857142857,0.869260459781543,4.2,0.3,4.76203923094327,NA,NA
164,NA,"L",2025,NA,NA,0.0332221207135527,0.265776965708421,3.83014285714286,0.828832195681844,4.5,0.3,3.30539325965054,NA,NA
165,NA,"L",2025,NA,NA,0.0251700595186071,0.201360476148857,3.81885714285714,0.788403931582146,4.8,0.3,4.42263535994997,NA,NA
166,NA,"L",2025,NA,NA,0.0340120008014902,0.272096006411922,3.80757142857143,0.747975667482447,5.1,0.3,4.80679379531742,NA,NA
167,NA,"L",2025,NA,NA,0.0403664092701222,0.322931274160978,3.79628571428571,0.707547403382749,5.4,0.3,6.32586839636433,NA,NA
168,3.25,"L",2025,NA,NA,0.0302394391874601,0.241915513499681,3.785,0.66711913928305,5.7,0.3,3.62622891427142,NA,NA
169,NA,"L",2025,NA,NA,0.0307110093892139,0.245688075113711,3.80371428571429,0.671798259561356,6,0.3,3.77408074228975,NA,NA
170,NA,"L",2025,NA,NA,0.0555273912565057,0.444219130052045,3.82242857142857,0.676477379839663,6.3,0.3,3.62697679713652,NA,NA
171,NA,"L",2025,NA,NA,0.0341888396271479,0.273510717017183,3.84114285714286,0.681156500117969,6.6,0.3,3.11974940424546,NA,NA
172,NA,"L",2025,NA,NA,0.0485422576430281,0.388338061144225,3.85985714285714,0.685835620396275,6.9,0.3,5.45916270265399,NA,NA
173,NA,"L",2025,NA,NA,0.0426181569834964,0.340945255867971,3.87857142857143,0.690514740674581,7.2,0.3,4.12469676175418,NA,NA
174,NA,"L",2025,NA,NA,0.0673166463003498,0.538533170402798,3.89728571428571,0.695193860952888,7.5,0.3,3.25215427325036,NA,NA
175,3.25,"L",2025,NA,NA,0.0215153904550155,0.172123123640124,3.916,0.699872981231194,7.8,0.3,3.20187721642766,NA,NA
176,NA,"L",2025,NA,NA,0.0542305732016829,0.433844585613463,3.92557142857143,0.69815090903617,8.1,0.3,2.50817363283579,NA,NA
177,NA,"L",2025,NA,NA,0.0314773109670637,0.25181848773651,3.93514285714286,0.696428836841146,8.4,0.3,4.00073974774349,NA,NA
178,NA,"L",2025,NA,NA,0.0282352658300066,0.225882126640053,3.94471428571429,0.694706764646122,8.7,0.3,4.17544918999055,NA,NA
179,NA,"L",2025,NA,NA,0.0888909830305845,0.711127864244676,3.95428571428571,0.692984692451098,9,0.3,3.25151347954988,NA,NA
180,NA,"L",2025,NA,NA,0.0962003211577679,0.769602569262143,3.96385714285714,0.691262620256074,9.3,0.3,4.52034159833142,NA,NA
181,NA,"L",2025,NA,NA,0.0505759041380912,0.404607233104729,3.97342857142857,0.68954054806105,9.6,0.3,3.15355997838183,NA,NA
182,4.25,"L",2025,NA,NA,0.0291784062335141,0.233427249868113,3.983,0.687818475866026,9.9,0.3,4.03013702939654,NA,NA
183,NA,"L",2025,NA,NA,0.0337762157006134,0.270209725604907,3.99853571428571,0.692445113177677,10.2,0.3,3.49603373876084,NA,NA
184,NA,"L",2025,NA,NA,0.0321846662696944,0.257477330157555,4.01407142857143,0.697071750489327,10.5,0.3,3.63274394044082,NA,NA
185,NA,"L",2025,NA,NA,0.0281173732795682,0.224938986236545,4.02960714285714,0.701698387800978,10.8,0.3,3.36313521482636,NA,NA
186,NA,"L",2025,NA,NA,0.0360751204341629,0.288600963473304,4.04514285714286,0.706325025112629,11.1,0.3,3.46294666946836,NA,NA
187,NA,"L",2025,NA,NA,0.0389045416446855,0.311236333157484,4.06067857142857,0.71095166242428,11.4,0.3,5.33421228427884,NA,NA
188,NA,"L",2025,NA,NA,0.0402603059747276,0.322082447797821,4.07621428571429,0.71557829973593,11.7,0.3,3.7850525931232,NA,NA
189,3.75,"L",2025,NA,NA,0.040908715002139,0.327269720017112,4.09175,0.720204937047581,12,0.3,3.96065879829348,NA,NA
190,NA,"L",2025,NA,NA,0.0468033425240611,0.374426740192489,4.10728571428571,0.712719409502791,12.3,0.3,4.71232199796487,NA,NA
191,NA,"L",2025,NA,NA,0.0450349542674845,0.360279634139876,4.12282142857143,0.705233881958002,12.6,0.3,4.96523352033508,NA,NA
192,NA,"L",2025,NA,NA,0.0472749127258148,0.378199301806519,4.13835714285714,0.697748354413212,12.9,0.3,3.42699692397048,NA,NA
193,NA,"L",2025,NA,NA,0.0407259815489594,0.325807852391676,4.15389285714286,0.690262826868422,13.2,0.3,3.92299823809256,NA,NA
194,NA,"L",2025,NA,NA,0.033422538049298,0.267380304394384,4.16942857142857,0.682777299323632,13.5,0.3,3.54795631201547,NA,NA
195,NA,"L",2025,NA,NA,0.0423823718826196,0.339058975060956,4.18496428571429,0.675291771778843,13.8,0.3,3.2400218544784,NA,NA
196,4.25,"L",2025,NA,NA,0.0480412143036647,0.384329714429318,4.2005,0.667806244234053,14.1,0.3,4.36582499344196,NA,NA
197,NA,"L",2025,NA,NA,0.0408497687269198,0.326798149815358,4.28157142857143,0.677119109908043,14.4,0.3,4.81111479957757,NA,NA
198,NA,"L",2025,NA,NA,0.0704407988869685,0.563526391095748,4.36264285714286,0.686431975582033,14.7,0.3,4.8845440114045,NA,NA
199,NA,"L",2025,NA,NA,0.0472159664505956,0.377727731604765,4.44371428571429,0.695744841256023,15,0.3,4.38773996386959,NA,NA
200,NA,"L",2025,NA,NA,0.0278521150410817,0.222816920328653,4.52478571428571,0.705057706930014,15.3,0.3,3.70730237703612,NA,NA
201,NA,"L",2025,NA,NA,0.0597715230722896,0.478172184578317,4.60585714285714,0.714370572604004,15.6,0.3,4.15151519702025,NA,NA
202,NA,"L",2025,NA,NA,0.0519316684681333,0.415453347745066,4.68692857142857,0.723683438277994,15.9,0.3,4.68218989310095,NA,NA
203,3.75,"L",2025,NA,NA,0.0634261921358812,0.50740953708705,4.768,0.732996303951984,16.2,0.3,5.57419039575149,NA,NA
204,NA,"L",2025,NA,NA,0.0393761118464393,0.315008894771514,4.66442857142857,0.734336196885317,16.5,0.3,7.41274854188553,NA,NA
205,NA,"L",2025,NA,NA,0.0463907185975265,0.371125748780212,4.56085714285714,0.735676089818651,16.8,0.3,8.85945959889,NA,NA
206,NA,"L",2025,NA,NA,0.0419108016808658,0.335286413446926,4.45728571428571,0.737015982751984,17.1,0.3,6.57819136365094,NA,NA
207,NA,"L",2025,NA,NA,0.0456833632948959,0.365466906359167,4.35371428571429,0.738355875685317,17.4,0.3,5.37114237448696,NA,NA
208,NA,"L",2025,NA,NA,0.0413802852038928,0.331042281631142,4.25014285714286,0.73969576861865,17.7,0.3,4.36054105734386,NA,NA
209,NA,"L",2025,NA,NA,0.0512832594407218,0.410266075525775,4.14657142857143,0.741035661551984,18,0.3,6.20432306516658,NA,NA
210,3.75,"L",2025,NA,NA,0.0558221226326018,0.446576981060815,4.043,0.742375554485317,18.3,0.3,5.10805041632913,NA,NA
211,NA,"L",2025,NA,NA,0.0279994807291297,0.223995845833038,4.144,0.738058175492111,18.6,0.3,4.42212603343532,NA,NA
212,NA,"L",2025,NA,NA,0.047416383786341,0.379331070290728,4.245,0.733740796498904,18.9,0.3,3.74052613737613,NA,NA
213,NA,"L",2025,NA,NA,0.0436791899374424,0.349433519499539,4.346,0.729423417505698,19.2,0.3,4.42159407018669,NA,NA
214,NA,"L",2025,NA,NA,0.0557631763573826,0.446105410859061,4.447,0.725106038512491,19.5,0.3,4.4992929183005,NA,NA
215,NA,"L",2025,NA,NA,0.0600073081731665,0.480058465385332,4.548,0.720788659519285,19.8,0.3,4.45530452030736,NA,NA
216,NA,"L",2025,NA,NA,0.0524621849451062,0.41969747956085,4.649,0.716471280526078,20.1,0.3,4.103797832425,NA,NA
217,NA,"L",2025,NA,NA,0.0746849307027524,0.597479445622019,4.75,0.712153901532872,20.4,0.3,4.96802654505129,NA,NA
218,NA,"L",2025,NA,NA,0.053994788100806,0.431958304806448,4.66985714285714,0.707836522539666,20.7,0.3,4.2129582582025,NA,NA
219,NA,"L",2025,NA,NA,0.0535821641742714,0.428657313394172,4.58971428571429,0.703519143546459,21,0.3,5.016524876969,NA,NA
220,NA,"L",2025,NA,NA,0.0600073081731665,0.480058465385332,4.50957142857143,0.699201764553253,21.3,0.3,5.00208960583594,NA,NA
221,NA,"L",2025,NA,NA,0.0512832594407218,0.410266075525775,4.42942857142857,0.694884385560046,21.6,0.3,5.51509110718022,NA,NA
222,NA,"L",2025,NA,NA,0.0508706355141873,0.406965084113498,4.34928571428571,0.69056700656684,21.9,0.3,6.2560445197462,NA,NA
223,NA,"L",2025,NA,NA,0.0572957795130823,0.458366236104658,4.26914285714286,0.686249627573633,22.2,0.3,5.49425312290408,NA,NA
224,3.75,"L",2025,NA,NA,0.0437970824878808,0.350376659903047,4.189,0.681932248580427,22.5,0.3,5.28890399056569,NA,NA
225,NA,"L",2025,NA,NA,0.0468033425240611,0.374426740192489,4.18685714285714,0.676986595726118,22.8,0.3,4.80937699492247,NA,NA
226,NA,"L",2025,NA,NA,0.0421465867817427,0.337172694253941,4.18471428571429,0.672040942871809,23.1,0.3,5.31898472745634,NA,NA
227,NA,"L",2025,NA,NA,0.054525304577779,0.436202436622232,4.18257142857143,0.6670952900175,23.4,0.3,4.55854979336604,NA,NA
228,NA,"L",2025,NA,NA,0.0296499764352679,0.237199811482143,4.18042857142857,0.66214963716319,23.7,0.3,7.37528997100324,NA,NA
229,NA,"L",2025,NA,NA,0.0314183646918445,0.251346917534756,4.17828571428571,0.657203984308881,24,0.3,5.98487298884321,NA,NA
230,NA,"L",2025,NA,NA,0.0432076197356886,0.345660957885509,4.17614285714286,0.652258331454572,24.3,0.3,4.66332739918674,NA,NA
231,4.25,"L",2025,NA,NA,0.0358393353332861,0.286714682666288,4.174,0.647312678600263,24.6,0.3,5.76968035979611,NA,NA
232,NA,"L",2025,NA,NA,0.029414191334391,0.235313530675128,4.174,0.647312678600263,24.9,0.3,7.80340459055008,NA,NA
233,NA,"L",2025,NA,NA,0.020495619893723,0.163964959149784,4.174,0.647312678600263,25.2,0.3,6.50170532209252,NA,NA
234,NA,"L",2025,NA,NA,0.020495619893723,0.163964959149784,4.174,0.647312678600263,25.5,0.3,4.45160080237008,NA,NA
235,NA,"L",2025,NA,NA,0.020495619893723,0.163964959149784,4.174,0.647312678600263,25.8,0.3,4.45160080237008,NA,NA
236,NA,"L",2025,NA,NA,0.020495619893723,0.163964959149784,4.174,0.647312678600263,26.1,0.3,4.45160080237008,NA,NA
237,NA,"L",2025,NA,NA,0.020495619893723,0.163964959149784,4.174,0.647312678600263,26.4,0.3,4.45160080237008,NA,NA
238,NA,"L",2025,NA,NA,0.020495619893723,0.163964959149784,4.174,0.647312678600263,26.7,0.3,4.45160080237008,NA,NA
239,NA,"L",2025,NA,NA,0.020495619893723,0.163964959149784,4.174,0.647312678600263,27,0.3,4.45160080237008,NA,NA
240,NA,"L",2025,NA,NA,0.020495619893723,0.163964959149784,4.174,0.647312678600263,27.3,0.3,4.45160080237008,NA,NA
241,NA,"L",2025,NA,NA,0.020495619893723,0.163964959149784,4.174,0.647312678600263,27.6,0.3,4.45160080237008,NA,NA
242,NA,"L",2025,NA,NA,0.020495619893723,0.163964959149784,4.174,0.647312678600263,27.9,0.3,4.45160080237008,NA,NA
243,NA,"L",2025,NA,NA,0.020495619893723,0.163964959149784,4.174,0.647312678600263,28.2,0.3,4.45160080237008,NA,NA
244,NA,"L",2025,NA,NA,0.020495619893723,0.163964959149784,4.174,0.647312678600263,28.5,0.3,4.45160080237008,NA,NA
245,NA,"L",2025,NA,NA,0.020495619893723,0.163964959149784,4.174,0.647312678600263,28.8,0.3,4.45160080237008,NA,NA
150,NA,"R",2013,NA,0.3838,0.0179286462337102,0.215143754804522,4.806428571,1.02439365537941,0.3,0.3,3.796434685,NA,0.0319833333333333
151,NA,"R",2013,NA,0.3838,0.0162593443663467,0.19511213239616,4.819428571,1.01829264348921,0.6,0.3,3.505616562,NA,0.0319833333333333
152,NA,"R",2013,NA,0.3838,0.0167354730841363,0.200825677009635,4.832428571,1.01219163159901,0.9,0.3,5.410756778,NA,0.0319833333333333
153,NA,"R",2013,NA,0.3838,0.0203529025103943,0.244234830124732,4.845428571,1.00609061970882,1.2,0.3,4.752423141,NA,0.0319833333333333
154,1.75,"R",2013,NA,0.3838,0.0206072751133807,0.247287301360568,4.858428571,0.999989607818619,2,0.8,5.898230459,NA,0.0319833333333333
155,NA,"R",2013,NA,0.3838,0.0210470452865243,0.252564543438292,4.885428571,1.00383599912692,2.8,0.8,3.920414438,NA,0.0319833333333333
156,NA,"R",2013,NA,0.3838,0.0226322433672266,0.271586920406719,4.912428571,1.00768239043522,3.6,0.8,5.303552784,NA,0.0319833333333333
157,NA,"R",2013,NA,0.3838,0.0242225463884173,0.290670556661008,4.939428571,1.01152878174352,4.4,0.8,3.943452381,NA,0.0319833333333333
158,NA,"R",2013,NA,0.3838,0.0241944001794565,0.290332802153478,4.966428571,1.01537517305182,5.2,0.8,3.844980974,NA,0.0319833333333333
159,NA,"R",2013,NA,0.3838,0.0217136738796273,0.260564086555528,4.993428571,1.01922156436012,6,0.8,4.518079577,NA,0.0319833333333333
160,NA,"R",2013,NA,0.3838,0.0209100433981559,0.250920520777871,5.020428571,1.02306795566842,6.8,0.8,4.036638275,NA,0.0319833333333333
161,2.25,"R",2013,NA,0.3838,0.0210494153279802,0.252592983935762,5.047428571,1.02691434697672,7.9125,1.1125,3.666824712,NA,0.0319833333333333
162,NA,"R",2013,NA,0.3838,0.0188581195950688,0.226297435140826,5.06528571385714,1.05359021870787,9.025,1.1125,3.998605561,NA,0.0319833333333333
163,NA,"R",2013,NA,0.3838,0.0171478093634452,0.205773712361342,5.08314285671429,1.08026609043902,10.1375,1.1125,3.197333266,NA,0.0319833333333333
164,NA,"R",2013,NA,0.3838,0.0165124153661899,0.198148984394279,5.10099999957143,1.10694196217017,11.25,1.1125,2.519523662,NA,0.0319833333333333
165,NA,"R",2013,NA,0.3838,0.0168694295757389,0.202433154908867,5.11885714242857,1.13361783390131,12.3625,1.1125,2.097084773,NA,0.0319833333333333
166,NA,"R",2013,NA,0.3838,0.0164265223645945,0.197118268375134,5.13671428528571,1.16029370563246,13.475,1.1125,2.521994065,NA,0.0319833333333333
167,NA,"R",2013,NA,0.3838,0.0169262441100266,0.203114929320319,5.15457142814286,1.18696957736361,14.5875,1.1125,1.77731123,NA,0.0319833333333333
168,1.75,"R",2013,NA,0.3838,0.016712830682189,0.200553968186268,5.172428571,1.21364544909476,16.0125,1.425,1.339647765,NA,0.0319833333333333
169,NA,"R",2013,NA,0.3838,0.0173986572635295,0.208783887162354,5.231428571,1.1921001473655,17.4375,1.425,1.401695093,NA,0.0319833333333333
170,NA,"R",2013,NA,0.3838,0.0170161265907036,0.204193519088443,5.290428571,1.17055484563625,18.8625,1.425,2.056524205,NA,0.0319833333333333
171,NA,"R",2013,NA,0.3838,0.0168668355104925,0.20240202612591,5.349428571,1.14900954390699,20.2875,1.425,2.314365322,NA,0.0319833333333333
172,NA,"R",2013,NA,0.3838,0.0179599126088759,0.215518951306511,5.408428571,1.12746424217774,21.7125,1.425,3.001539476,NA,0.0319833333333333
173,NA,"R",2013,NA,0.3838,0.0185879574078818,0.223055488894582,5.467428571,1.10591894044848,23.1375,1.425,2.637126329,NA,0.0319833333333333
174,NA,"R",2013,NA,0.3838,0.0170450034690381,0.204540041628457,5.526428571,1.08437363871923,24.5625,1.425,2.333554033,NA,0.0319833333333333
175,2.75,"R",2013,NA,0.3838,0.0150843670147412,0.181012404176895,5.585428571,1.06282833698997,26.3,1.7375,2.186134178,NA,0.0319833333333333
176,NA,"R",2013,NA,0.3838,0.0134788988363582,0.161746786036299,5.56999999957143,1.08973698547678,28.0375,1.7375,2.385547395,NA,0.0319833333333333
177,NA,"R",2013,NA,0.3838,0.012449395715109,0.149392748581308,5.55457142814286,1.11664563396358,29.775,1.7375,2.663209187,NA,0.0319833333333333
178,NA,"R",2013,NA,0.3838,0.012918569102267,0.155022829227204,5.53914285671429,1.14355428245039,31.5125,1.7375,2.797759966,NA,0.0319833333333333
179,NA,"R",2013,NA,0.3838,0.0141202317674415,0.169442781209298,5.52371428528571,1.17046293093719,33.25,1.7375,4.010785222,NA,0.0319833333333333
180,NA,"R",2013,NA,0.3838,0.0158900511684407,0.190680614021289,5.50828571385714,1.197371579424,34.9875,1.7375,4.278048341,NA,0.0319833333333333
181,NA,"R",2013,NA,0.3838,0.0167699999672217,0.20123999960666,5.49285714242857,1.2242802279108,36.725,1.7375,3.293966233,NA,0.0319833333333333
182,2.25,"R",2013,NA,0.3838,0.0161049273327713,0.193259127993256,5.477428571,1.25118887639761,38.775,2.05,3.876521699,NA,0.0319833333333333
183,NA,"R",2013,NA,0.3838,0.0162910863049313,0.195493035659175,5.52371428528571,1.25501572658001,40.825,2.05,3.617818813,NA,0.0319833333333333
184,NA,"R",2013,NA,0.3838,0.015980226122854,0.191762713474248,5.56999999957143,1.2588425767624,42.875,2.05,3.434549392,NA,0.0319833333333333
185,NA,"R",2013,NA,0.3838,0.0150726297221052,0.180871556665262,5.61628571385714,1.2626694269448,44.925,2.05,2.986487254,NA,0.0319833333333333
186,NA,"R",2013,NA,0.3838,0.0146201202731302,0.175441443277563,5.66257142814286,1.2664962771272,46.975,2.05,2.696760705,NA,0.0319833333333333
187,NA,"R",2013,NA,0.3838,0.0145413217474876,0.174495860969851,5.70885714242857,1.2703231273096,49.025,2.05,2.446330796,NA,0.0319833333333333
188,NA,"R",2013,NA,0.3838,0.0144467835570387,0.173361402684464,5.75514285671429,1.27414997749199,51.075,2.05,1.986261351,NA,0.0319833333333333
189,2.25,"R",2013,NA,0.3838,0.0138534383872739,0.166241260647287,5.801428571,1.27797682767439,53.4375,2.3625,3.519289955,NA,0.0319833333333333
190,NA,"R",2013,NA,0.3838,0.0142109666223529,0.170531599468235,5.84699999957143,1.27816700377587,55.8,2.3625,3.127989632,NA,0.0319833333333333
191,NA,"R",2013,NA,0.3838,0.0162733414186147,0.195280097023376,5.89257142814286,1.27835717987734,58.1625,2.3625,4.570762354,NA,0.0319833333333333
192,NA,"R",2013,NA,0.3838,0.0170970728973393,0.205164874768072,5.93814285671429,1.27854735597882,60.525,2.3625,4.140912256,NA,0.0319833333333333
193,NA,"R",2013,NA,0.3838,0.0164596294081963,0.197515552898356,5.98371428528571,1.2787375320803,62.8875,2.3625,4.048243423,NA,0.0319833333333333
194,NA,"R",2013,NA,0.3838,0.0166896410008247,0.200275692009896,6.02928571385714,1.27892770818178,65.25,2.3625,4.420240133,NA,0.0319833333333333
195,NA,"R",2013,NA,0.3838,0.0160360424774001,0.192432509728801,6.07485714242857,1.27911788428325,67.6125,2.3625,3.433285465,NA,0.0319833333333333
196,2.75,"R",2013,NA,0.3838,0.0153332577468391,0.183999092962069,6.120428571,1.27930806038473,70.2875,2.675,2.681651031,NA,0.0319833333333333
197,NA,"R",2013,NA,0.3838,0.0139780186649638,0.167736223979566,6.09628571385714,1.29540721693031,72.9625,2.675,3.499469281,NA,0.0319833333333333
198,NA,"R",2013,NA,0.3838,0.0133396701608482,0.160076041930179,6.07214285671429,1.3115063734759,75.6375,2.675,2.892554494,NA,0.0319833333333333
199,NA,"R",2013,NA,0.3838,0.0132951162166073,0.159541394599287,6.04799999957143,1.32760553002148,78.3125,2.675,3.301894503,NA,0.0319833333333333
200,NA,"R",2013,NA,0.3838,0.0142107455961258,0.17052894715351,6.02385714242857,1.34370468656706,80.9875,2.675,3.640052439,NA,0.0319833333333333
201,NA,"R",2013,NA,0.3838,0.0158838052577033,0.190605663092439,5.99971428528571,1.35980384311264,83.6625,2.675,2.828438922,NA,0.0319833333333333
202,NA,"R",2013,NA,0.3838,0.0179183120290662,0.215019744348794,5.97557142814286,1.37590299965823,86.3375,2.675,3.402951215,NA,0.0319833333333333
203,2.25,"R",2013,NA,0.3838,0.0195198683646318,0.234238420375582,5.951428571,1.39200215620381,89.6375,3.3,3.231746552,NA,0.0319833333333333
204,NA,"R",2013,NA,0.3838,0.0217075730541522,0.260490876649827,5.90457142814286,1.38812692505096,92.9375,3.3,3.734100101,NA,0.0319833333333333
205,NA,"R",2013,NA,0.3838,0.0235665756851265,0.282798908221518,5.85771428528571,1.38425169389811,96.2375,3.3,3.229276149,NA,0.0319833333333333
206,NA,"R",2013,NA,0.3838,0.0247570590556973,0.297084708668368,5.81085714242857,1.38037646274526,99.5375,3.3,3.900651215,NA,0.0319833333333333
207,NA,"R",2013,NA,0.3838,0.0258646875956393,0.310376251147672,5.76399999957143,1.37650123159242,102.8375,3.3,4.102477384,NA,0.0319833333333333
208,NA,"R",2013,NA,0.3838,0.0298856363959531,0.358627636751437,5.71714285671429,1.37262600043957,106.1375,3.3,5.148606819,NA,0.0319833333333333
209,NA,"R",2013,NA,0.3838,0.0339783543719217,0.40774025246306,5.67028571385714,1.36875076928672,109.4375,3.3,5.378067028,NA,0.0319833333333333
210,3.25,"R",2013,NA,0.3838,0.0361964096680055,0.434356916016066,5.623428571,1.36487553813387,113.3625,3.925,4.284770134,NA,0.0319833333333333
211,NA,"R",2013,NA,0.3838,0.0341201473420794,0.409441768104953,5.62828571385714,1.35054805738268,117.2875,3.925,9.77159234,NA,0.0319833333333333
212,NA,"R",2013,NA,0.3838,0.0333758619627627,0.400510343553152,5.63314285671429,1.33622057663148,121.2125,3.925,2.698369339,NA,0.0319833333333333
213,NA,"R",2013,NA,0.3838,0.0336429175551681,0.403715010662017,5.63799999957143,1.32189309588029,125.1375,3.925,4.73926681,NA,0.0319833333333333
214,NA,"R",2013,NA,0.3838,0.0326465208950253,0.391758250740303,5.64285714242857,1.3075656151291,129.0625,3.925,5.026925115,NA,0.0319833333333333
215,NA,"R",2013,NA,0.3838,0.0338599464590785,0.406319357508942,5.64771428528571,1.29323813437791,132.9875,3.925,5.092821675,NA,0.0319833333333333
216,NA,"R",2013,NA,0.3838,0.0358648641992525,0.43037837039103,5.65257142814286,1.27891065362671,136.9125,3.925,3.504065379,NA,0.0319833333333333
217,3.25,"R",2013,NA,0.3838,0.0384751653593664,0.461701984312397,5.657428571,1.26458317287552,141.4625,4.55,9.541844874,NA,0.0319833333333333
218,NA,"R",2013,NA,0.3838,0.0389747366187458,0.46769683942495,5.66899999957143,1.2633664424545,146.0125,4.55,6.773442486,NA,0.0319833333333333
219,NA,"R",2013,NA,0.3838,0.036589560880082,0.439074730560984,5.68057142814286,1.26214971203348,150.5625,4.55,8.98973856,NA,0.0319833333333333
220,NA,"R",2013,NA,0.3838,0.0398787757745978,0.478545309295174,5.69214285671429,1.26093298161246,155.1125,4.55,5.423396048,NA,0.0319833333333333
221,NA,"R",2013,NA,0.3838,0.0415660418822814,0.498792502587377,5.70371428528571,1.25971625119144,159.6625,4.55,4.866348929,NA,0.0319833333333333
222,NA,"R",2013,NA,0.3838,0.0432773064209705,0.519327677051646,5.71528571385714,1.25849952077042,164.2125,4.55,3.016649149,NA,0.0319833333333333
223,NA,"R",2013,NA,0.3838,0.0441961856242198,0.530354227490638,5.72685714242857,1.2572827903494,168.7625,4.55,5.600460737,NA,0.0319833333333333
224,3.25,"R",2013,NA,0.3838,0.0442197337169432,0.530636804603318,5.738428571,1.25606605992838,173.9375,5.175,3.382900736,NA,0.0319833333333333
225,NA,"R",2013,NA,0.3838,0.047963849806538,0.575566197678456,5.72599999957143,1.25193164884293,179.1125,5.175,3.159645259,NA,0.0319833333333333
226,NA,"R",2013,NA,0.3838,0.0510617774525805,0.612741329430966,5.71357142814286,1.24779723775749,184.2875,5.175,2.541814739,NA,0.0319833333333333
227,NA,"R",2013,NA,0.3838,0.0526328165852538,0.631593799023045,5.70114285671429,1.24366282667204,189.4625,5.175,2.962587543,NA,0.0319833333333333
228,NA,"R",2013,NA,0.3838,0.0524728422593768,0.629674107112522,5.68871428528571,1.2395284155866,194.6375,5.175,4.309646517,NA,0.0319833333333333
229,NA,"R",2013,NA,0.3838,0.0502735032500046,0.603282039000055,5.67628571385714,1.23539400450115,199.8125,5.175,5.700885486,NA,0.0319833333333333
230,NA,"R",2013,NA,0.3838,0.0493951451294448,0.592741741553338,5.66385714242857,1.23125959341571,204.9875,5.175,3.341995461,NA,0.0319833333333333
231,2.75,"R",2013,NA,0.3838,0.0497342926466869,0.596811511760243,5.651428571,1.22712518233026,210.7875,5.8,5.805906333,NA,0.0319833333333333
232,NA,"R",2013,NA,0.3838,0.0481089800592645,0.577307760711174,5.64528571385714,1.20799555506129,216.5875,5.8,5.106092909,NA,0.0319833333333333
233,NA,"R",2013,NA,0.3838,0.0472608262544121,0.567129915052945,5.63914285671429,1.18886592779233,222.3875,5.8,4.146312672,NA,0.0319833333333333
234,NA,"R",2013,NA,0.3838,0.0499723200913679,0.599667841096415,5.63299999957143,1.16973630052336,228.1875,5.8,2.626670205,NA,0.0319833333333333
235,NA,"R",2013,NA,0.3838,0.0531774967825908,0.63812996139109,5.62685714242857,1.1506066732544,233.9875,5.8,1.953916309,NA,0.0319833333333333
236,NA,"R",2013,NA,0.3838,0.0558993813629434,0.670792576355321,5.62071428528571,1.13147704598543,239.7875,5.8,1.630925498,NA,0.0319833333333333
237,NA,"R",2013,NA,0.3838,0.0562324825090674,0.674789790108809,5.61457142814286,1.11234741871647,245.5875,5.8,2.449375711,NA,0.0319833333333333
238,3.25,"R",2013,NA,0.3838,0.0510886502841743,0.613063803410092,5.608428571,1.0932177914475,245.8875,0.3,2.688257923,NA,0.0319833333333333
239,NA,"R",2013,NA,0.3838,0.0493922735121976,0.592707282146371,5.608428571,1.0932177914475,246.1875,0.3,4.541462227,NA,0.0319833333333333
240,NA,"R",2013,NA,0.3838,0.049025249982795,0.58830299979354,5.608428571,1.0932177914475,246.4875,0.3,4.09156165,NA,0.0319833333333333
241,NA,"R",2013,NA,0.3838,0.0474435567546615,0.569322681055938,5.608428571,1.0932177914475,246.7875,0.3,4.064617024,NA,0.0319833333333333
242,NA,"R",2013,NA,0.3838,0.0517801437094814,0.621361724513777,5.608428571,1.0932177914475,247.0875,0.3,6.375937431,NA,0.0319833333333333
243,NA,"R",2013,NA,0.3838,0.0540976581637335,0.649171897964802,5.608428571,1.0932177914475,247.3875,0.3,4.493030841,NA,0.0319833333333333
244,NA,"R",2013,NA,0.3838,0.0561058206277855,0.673269847533426,5.608428571,1.0932177914475,247.6875,0.3,4.405934777,NA,0.0319833333333333
245,NA,"R",2013,NA,NA,0.0561058206277855,0.673269847533426,5.608428571,1.0932177914475,247.9875,0.3,4.405934777,NA,NA
150,NA,"R",2014,NA,0.3838,0.0139364709863892,0.16723765183667,4.46085714285714,0.921162180664238,0.3,0.3,1.478105228,NA,0.0319833333333333
151,NA,"R",2014,NA,0.3838,0.0131941555608744,0.158329866730493,4.46657142857143,0.944147903642506,0.6,0.3,1.285241451,NA,0.0319833333333333
152,NA,"R",2014,NA,0.3838,0.0131614958363189,0.157937950035827,4.47228571428571,0.967133626620775,0.9,0.3,1.32048778,NA,0.0319833333333333
153,1.75,"R",2014,NA,0.3838,0.0135083999097759,0.162100798917311,4.478,0.990119349599043,4.2,3.3,1.935014855,NA,0.0319833333333333
154,NA,"R",2014,NA,0.3838,0.0156345450629079,0.187614540754895,4.49371428571429,1.00603765447372,7.5,3.3,2.327291849,NA,0.0319833333333333
155,NA,"R",2014,NA,0.3838,0.0165892759760336,0.199071311712403,4.50942857142857,1.02195595934841,10.8,3.3,2.710434097,NA,0.0319833333333333
156,NA,"R",2014,NA,0.3838,0.016564544923826,0.198774539085912,4.52514285714286,1.03787426422309,14.1,3.3,8.006862929,NA,0.0319833333333333
157,NA,"R",2014,NA,0.3838,0.0157996015504202,0.189595218605042,4.54085714285714,1.05379256909777,17.4,3.3,4.892000903,NA,0.0319833333333333
158,NA,"R",2014,NA,0.3838,0.0166040813735301,0.199248976482361,4.55657142857143,1.06971087397245,20.7,3.3,4.523767248,NA,0.0319833333333333
159,NA,"R",2014,NA,0.3838,0.018636052860538,0.223632634326456,4.57228571428571,1.08562917884713,24,3.3,5.170696816,NA,0.0319833333333333
160,2.25,"R",2014,NA,0.3838,0.0193181328843646,0.231817594612375,4.588,1.10154748372181,27.3,3.3,6.811503926,NA,0.0319833333333333
161,NA,"R",2014,NA,0.3838,0.019873821684195,0.23848586021034,4.53514285714286,1.09599196886881,30.6,3.3,2.576342928,NA,0.0319833333333333
162,NA,"R",2014,NA,0.3838,0.0189558377305028,0.227470052766034,4.48228571428571,1.09043645401581,33.9,3.3,6.688874277,NA,0.0319833333333333
163,NA,"R",2014,NA,0.3838,0.0196758352911245,0.236110023493494,4.42942857142857,1.08488093916281,37.2,3.3,6.277466024,NA,0.0319833333333333
164,NA,"R",2014,NA,0.3838,0.0227292874575547,0.272751449490657,4.37657142857143,1.0793254243098,40.5,3.3,5.10141192,NA,0.0319833333333333
165,NA,"R",2014,NA,0.3838,0.023593374004946,0.283120488059352,4.32371428571429,1.0737699094568,43.8,3.3,7.44141314,NA,0.0319833333333333
166,NA,"R",2014,NA,0.3838,0.0256672655152981,0.308007186183577,4.27085714285714,1.0682143946038,47.1,3.3,8.726021003,NA,0.0319833333333333
167,NA,"R",2014,NA,0.3838,0.0243624511203666,0.292349413444399,4.218,1.0626588797508,50.4,3.3,8.835323174,NA,0.0319833333333333
168,NA,"R",2014,NA,0.3838,0.021092192016549,0.253106304198588,5.19657142857143,1.0571033648978,53.7,3.3,7.941889792,NA,0.0319833333333333
169,NA,"R",2014,NA,0.3838,0.019503123748534,0.234037484982408,6.17514285714286,1.0515478500448,57,3.3,6.700291454,NA,0.0319833333333333
170,NA,"R",2014,NA,0.3838,0.0207986888896164,0.249584266675397,7.15371428571429,1.0459923351918,60.3,3.3,5.461802195,NA,0.0319833333333333
171,NA,"R",2014,NA,0.3838,0.0226785433445271,0.272142520134325,8.13228571428571,1.04043682033879,63.6,3.3,5.373126223,NA,0.0319833333333333
172,NA,"R",2014,NA,0.3838,0.0243134409427005,0.291761291312406,9.11085714285714,1.03488130548579,66.9,3.3,5.493946158,NA,0.0319833333333333
173,NA,"R",2014,NA,0.3838,0.0232439595566068,0.278927514679282,10.0894285714286,1.02932579063279,70.2,3.3,4.871835521,NA,0.0319833333333333
174,1.75,"R",2014,NA,0.3838,0.0213086495608125,0.25570379472975,11.068,1.02377027577979,73.5,3.3,5.860800983,NA,0.0319833333333333
175,NA,"R",2014,NA,0.3838,0.0200802588293517,0.24096310595222,10.1637142857143,1.02834848491822,76.8,3.3,3.621668045,NA,0.0319833333333333
176,NA,"R",2014,NA,0.3838,0.0227119078002199,0.272542893602639,9.25942857142857,1.03292669405665,80.1,3.3,4.42733536,NA,0.0319833333333333
177,NA,"R",2014,NA,0.3838,0.0242245360755377,0.290694432906452,8.35514285714286,1.03750490319508,83.4,3.3,4.32685316,NA,0.0319833333333333
178,NA,"R",2014,NA,0.3838,0.0239569111190882,0.287482933429058,7.45085714285714,1.04208311233352,86.7,3.3,13.04071092,NA,0.0319833333333333
179,NA,"R",2014,NA,0.3838,0.0221847190987253,0.266216629184704,6.54657142857143,1.04666132147195,90,3.3,4.37054482,NA,0.0319833333333333
180,NA,"R",2014,NA,0.3838,0.0206715730366218,0.248058876439462,5.64228571428572,1.05123953061038,93.3,3.3,4.203792627,NA,0.0319833333333333
181,2.25,"R",2014,NA,0.3838,0.0213293906303186,0.255952687563823,4.738,1.05581773974881,96.6,3.3,3.068498884,NA,0.0319833333333333
182,NA,"R",2014,NA,0.3838,0.0234865425027049,0.281838510032459,5.28228571428571,1.04823235324089,99.9,3.3,2.59866273,NA,0.0319833333333333
183,NA,"R",2014,NA,0.3838,0.0256357339586849,0.307628807504219,5.82657142857143,1.04064696673298,103.2,3.3,2.662347418,NA,0.0319833333333333
184,NA,"R",2014,NA,0.3838,0.026616637996724,0.319399655960688,6.37085714285714,1.03306158022506,106.5,3.3,2.49464728,NA,0.0319833333333333
185,NA,"R",2014,NA,0.3838,0.0269737721699003,0.323685266038803,6.91514285714286,1.02547619371714,109.8,3.3,2.514898838,NA,0.0319833333333333
186,NA,"R",2014,NA,0.3838,0.0263027805213662,0.315633366256394,7.45942857142857,1.01789080720922,113.1,3.3,4.562374474,NA,0.0319833333333333
187,NA,"R",2014,NA,0.3838,0.0260163613404048,0.312196336084858,8.00371428571428,1.01030542070131,116.4,3.3,7.007297715,NA,0.0319833333333333
188,2.75,"R",2014,NA,0.3838,0.0259867997184693,0.311841596621631,8.548,1.00272003419339,119.7,3.3,3.980853131,NA,0.0319833333333333
189,NA,"R",2014,NA,0.3838,0.0279809766503357,0.335771719804028,7.96371428571429,1.00773655024023,123,3.3,7.312363743,NA,0.0319833333333333
190,NA,"R",2014,NA,0.3838,0.0310953229967717,0.37314387596126,7.37942857142857,1.01275306628707,126.3,3.3,6.839425223,NA,0.0319833333333333
191,NA,"R",2014,NA,0.3838,0.0314642630147142,0.37757115617657,6.79514285714286,1.01776958233391,129.6,3.3,7.102954012,NA,0.0319833333333333
192,NA,"R",2014,NA,0.3838,0.0317488383852556,0.380986060623067,6.21085714285714,1.02278609838075,132.9,3.3,9.273231651,NA,0.0319833333333333
193,NA,"R",2014,NA,0.3838,0.0322091345729373,0.386509614875248,5.62657142857143,1.02780261442759,136.2,3.3,5.557717023,NA,0.0319833333333333
194,NA,"R",2014,NA,0.3838,0.0317106055298335,0.380527266358002,5.04228571428571,1.03281913047443,139.5,3.3,3.609172403,NA,0.0319833333333333
195,2.75,"R",2014,NA,0.3838,0.0341622991522237,0.409947589826684,4.458,1.03783564652127,142.8,3.3,9.270215462,NA,0.0319833333333333
196,NA,"R",2014,NA,0.3838,0.0379934827621751,0.455921793146101,5.17085714285714,1.04062911067739,146.1,3.3,5.975933246,NA,0.0319833333333333
197,NA,"R",2014,NA,0.3838,0.0397217775304819,0.476661330365783,5.88371428571429,1.04342257483352,149.4,3.3,4.13760881,NA,0.0319833333333333
198,NA,"R",2014,NA,0.3838,0.0393891313689878,0.472669576427854,6.59657142857143,1.04621603898964,152.7,3.3,2.48180693,NA,0.0319833333333333
199,NA,"R",2014,NA,0.3838,0.0373592364248639,0.448310837098367,7.30942857142857,1.04900950314576,156,3.3,4.80142904,NA,0.0319833333333333
200,NA,"R",2014,NA,0.3838,0.0372199677437083,0.4466396129245,8.02228571428572,1.05180296730188,159.3,3.3,4.168373944,NA,0.0319833333333333
201,NA,"R",2014,NA,0.3838,0.0368252645149627,0.441903174179552,8.73514285714286,1.05459643145801,162.6,3.3,3.612705654,NA,0.0319833333333333
202,2.75,"R",2014,NA,0.3838,0.0342913308578508,0.411495970294209,9.448,1.05738989561413,165.9,3.3,2.681909562,NA,0.0319833333333333
203,NA,"R",2014,NA,0.3838,0.0327795960063442,0.393355152076131,8.73657142857143,1.08072839020832,169.2,3.3,3.01618954,NA,0.0319833333333333
204,NA,"R",2014,NA,0.3838,0.0366517595381225,0.43982111445747,8.02514285714286,1.10406688480252,172.5,3.3,3.536008263,NA,0.0319833333333333
205,NA,"R",2014,NA,0.3838,0.0381571988162818,0.457886385795382,7.31371428571429,1.12740537939671,175.8,3.3,3.045231136,NA,0.0319833333333333
206,NA,"R",2014,NA,0.3838,0.0383546499086839,0.460255798904207,6.60228571428572,1.1507438739909,179.1,3.3,4.648896026,NA,0.0319833333333333
207,NA,"R",2014,NA,0.3838,0.0382890323406431,0.459468388087717,5.89085714285714,1.17408236858509,182.4,3.3,3.977578411,NA,0.0319833333333333
208,NA,"R",2014,NA,0.3838,0.0395817307523732,0.474980769028478,5.17942857142857,1.19742086317929,185.7,3.3,5.792462746,NA,0.0319833333333333
209,2.25,"R",2014,NA,0.3838,0.0443936611524014,0.532723933828817,4.468,1.22075935777348,189,3.3,5.719298605,NA,0.0319833333333333
210,NA,"R",2014,NA,0.3838,0.0453520909452496,0.544225091342995,4.48942857142857,1.21308308510709,192.3,3.3,5.594083651,NA,0.0319833333333333
211,NA,"R",2014,NA,0.3838,0.0461960292061992,0.55435235047439,4.51085714285714,1.20540681244069,195.6,3.3,5.678019897,NA,0.0319833333333333
212,NA,"R",2014,NA,0.3838,0.0464193653102974,0.557032383723569,4.53228571428571,1.1977305397743,198.9,3.3,7.484114193,NA,0.0319833333333333
213,NA,"R",2014,NA,0.3838,0.0462902253686649,0.555482704423979,4.55371428571429,1.19005426710791,202.2,3.3,8.708428616,NA,0.0319833333333333
214,NA,"R",2014,NA,0.3838,0.0469251596626214,0.563101915951457,4.57514285714286,1.18237799444152,205.5,3.3,6.932496215,NA,0.0319833333333333
215,NA,"R",2014,NA,0.3838,0.0450904452002998,0.541085342403598,4.59657142857143,1.17470172177512,208.8,3.3,7.04840407,NA,0.0319833333333333
216,2.75,"R",2014,NA,0.3838,0.0458346047168708,0.55001525660245,4.618,1.16702544910873,212.1,3.3,8.154570039,NA,0.0319833333333333
217,NA,"R",2014,NA,0.3838,0.0483792271288062,0.580550725545674,4.76228571428571,1.14541615474554,215.4,3.3,6.050820924,NA,0.0319833333333333
218,NA,"R",2014,NA,0.3838,0.0492002409443969,0.590402891332763,4.90657142857143,1.12380686038235,218.7,3.3,7.777373993,NA,0.0319833333333333
219,NA,"R",2014,NA,0.3838,0.0490583027204473,0.588699632645368,5.05085714285714,1.10219756601916,222,3.3,10.80218122,NA,0.0319833333333333
220,NA,"R",2014,NA,0.3838,0.0483234432743615,0.579881319292338,5.19514285714286,1.08058827165596,225.3,3.3,12.66653106,NA,0.0319833333333333
221,NA,"R",2014,NA,0.3838,0.0481284416418266,0.577541299701919,5.33942857142857,1.05897897729277,228.6,3.3,7.075808306,NA,0.0319833333333333
222,NA,"R",2014,NA,0.3838,0.0477206913144038,0.572648295772846,5.48371428571429,1.03736968292958,231.9,3.3,5.092879126,NA,0.0319833333333333
223,2.75,"R",2014,NA,0.3838,0.0512789399356337,0.615347279227604,5.628,1.01576038856639,235.2,3.3,11.13106049,NA,0.0319833333333333
224,NA,"R",2014,NA,0.3838,0.0587652718171892,0.705183261806271,5.48228571428571,1.00169184884627,238.5,3.3,10.30003047,NA,0.0319833333333333
225,NA,"R",2014,NA,0.3838,0.0597873893258943,0.717448671910731,5.33657142857143,0.98762330912615,241.8,3.3,10.47453686,NA,0.0319833333333333
226,NA,"R",2014,NA,0.3838,0.063255245897112,0.759062950765344,5.19085714285714,0.97355476940603,245.1,3.3,8.668873444,NA,0.0319833333333333
227,NA,"R",2014,NA,0.3838,0.0655706264319945,0.786847517183934,5.04514285714286,0.959486229685909,248.4,3.3,7.879665907,NA,0.0319833333333333
228,NA,"R",2014,NA,0.3838,0.0631882117170762,0.758258540604914,4.89942857142857,0.945417689965789,251.7,3.3,6.340978358,NA,0.0319833333333333
229,NA,"R",2014,NA,0.3838,0.0686526468835759,0.823831762602911,4.75371428571429,0.931349150245669,255,3.3,5.360458227,NA,0.0319833333333333
230,3.25,"R",2014,NA,0.3838,0.0733139765761371,0.879767718913645,4.608,0.917280610525549,258.3,3.3,5.675693122,NA,0.0319833333333333
231,NA,"R",2014,NA,0.3838,0.0759014723089077,0.910817667706892,4.588,0.922955192162956,261.6,3.3,8.136987378,NA,0.0319833333333333
232,NA,"R",2014,NA,0.3838,0.0789248231032486,0.947097877238983,4.568,0.928629773800362,264.9,3.3,5.07314032,NA,0.0319833333333333
233,NA,"R",2014,NA,0.3838,0.0799876003987375,0.95985120478485,4.548,0.934304355437769,268.2,3.3,8.714805702,NA,0.0319833333333333
234,NA,"R",2014,NA,0.3838,0.0811919716667055,0.974303660000466,4.528,0.939978937075176,271.5,3.3,13.34181281,NA,0.0319833333333333
235,NA,"R",2014,NA,0.3838,0.0801809323109238,0.962171187731085,4.508,0.945653518712583,274.8,3.3,5.428796464,NA,0.0319833333333333
236,NA,"R",2014,NA,0.3838,0.0779995478662536,0.935994574395043,4.488,0.951328100349989,278.1,3.3,7.134494737,NA,0.0319833333333333
237,3.75,"R",2014,NA,0.3838,0.0745545668026171,0.894654801631405,4.468,0.957002681987396,281.4,3.3,6.942665082,NA,0.0319833333333333
238,NA,"R",2014,NA,0.3838,0.0775866199849879,0.931039439819855,4.468,0.957002681987396,284.7,3.3,7.427065122,NA,0.0319833333333333
239,NA,"R",2014,NA,0.3838,0.0827880176275042,0.99345621153005,4.468,0.957002681987396,288,3.3,7.010486259,NA,0.0319833333333333
240,NA,"R",2014,NA,0.3838,0.0863917874729142,1.03670144967497,4.468,0.957002681987396,291.3,3.3,7.920255201,NA,0.0319833333333333
241,NA,"R",2014,NA,0.3838,0.0908859250822708,1.09063110098725,4.468,0.957002681987396,294.6,3.3,6.706454353,NA,0.0319833333333333
242,NA,"R",2014,NA,NA,0.0908859250822708,1.09063110098725,4.468,0.957002681987396,294.9,0.3,6.706454353,NA,NA
243,NA,"R",2014,NA,NA,0.0908859250822708,1.09063110098725,4.468,0.957002681987396,295.2,0.3,6.706454353,NA,NA
244,NA,"R",2014,NA,NA,0.0908859250822708,1.09063110098725,4.468,0.957002681987396,295.5,0.3,6.706454353,NA,NA
245,NA,"R",2014,NA,NA,0.0908859250822708,1.09063110098725,4.468,0.957002681987396,295.8,0.3,6.706454353,NA,NA
150,NA,"R",2015,NA,NA,0.0148544613333333,0.178253536,6.66523809557143,0.869135124818545,0.3,0.3,1.984866185,NA,NA
151,NA,"R",2015,NA,NA,0.01371679825,0.164601579,7.04095238128571,0.862004463606085,0.6,0.3,1.629057299,NA,NA
152,2.75,"R",2015,NA,NA,0.0125791351666667,0.150949622,7.416666667,0.854873802393625,3.9,3.3,1.438640896,NA,NA
153,NA,"R",2015,NA,NA,0.00879478425,0.105537411,7.06523809557143,0.855688330304441,7.2,3.3,1.262456847,NA,NA
154,NA,"R",2015,NA,NA,0.0389634879166667,0.467561855,6.71380952414286,0.856502858215257,10.5,3.3,2.205509141,NA,NA
155,NA,"R",2015,NA,NA,0.04965634225,0.595876107,6.36238095271429,0.857317386126073,13.8,3.3,2.652264342,NA,NA
156,3.25,"R",2015,NA,NA,0.0315008895,0.378010674,6.01095238128571,0.858131914036888,17.1,3.3,3.246634093,NA,NA
157,NA,"R",2015,NA,NA,0.00874762725,0.104971527,5.65952380985714,0.858946441947704,20.4,3.3,3.697139754,NA,NA
158,NA,"R",2015,NA,NA,0.0261485676666667,0.313782812,5.30809523842857,0.85976096985852,23.7,3.3,4.140278217,NA,NA
159,3.25,"R",2015,NA,NA,0.016316329,0.195795948,4.956666667,0.860575497769336,27,3.3,5.381081552,NA,NA
160,NA,"R",2015,NA,NA,0.0201360475833333,0.241632571,4.98809523842857,0.856161001290716,30.3,3.3,4.031901176,NA,NA
161,NA,"R",2015,NA,NA,0.0319960381666667,0.383952458,5.01952380985714,0.851746504812096,33.6,3.3,4.99395601,NA,NA
162,NA,"R",2015,NA,NA,0.0254176338333333,0.305011606,5.05095238128571,0.847332008333476,36.9,3.3,5.214516074,NA,NA
163,NA,"R",2015,NA,NA,0.02169222925,0.260306751,5.08238095271429,0.842917511854856,40.2,3.3,3.746941268,NA,NA
164,NA,"R",2015,NA,NA,0.0324440299166667,0.389328359,5.11380952414286,0.838503015376236,43.5,3.3,5.401709865,NA,NA
165,2.75,"R",2015,NA,NA,0.0230597828333333,0.276717394,5.14523809557143,0.834088518897616,46.8,3.3,6.474602686,NA,NA
166,3.75,"R",2015,NA,NA,0.0260306751666667,0.312368102,5.176666667,0.829674022418996,50.1,3.3,6.912570581,NA,NA
167,NA,"R",2015,NA,NA,0.014099949,0.169199388,5.18238095271429,0.868923881775265,53.4,3.3,6.468605547,NA,NA
168,NA,"R",2015,NA,NA,0.00886551983333333,0.106386238,5.18809523842857,0.908173741131534,56.7,3.3,9.624278467,NA,NA
169,NA,"R",2015,NA,NA,0.0162927505,0.195513006,5.19380952414286,0.947423600487803,60,3.3,8.855262074,NA,NA
170,NA,"R",2015,NA,NA,0.0247102785833333,0.296523343,5.19952380985714,0.986673459844073,63.3,3.3,9.834870407,NA,NA
171,NA,"R",2015,NA,NA,0.0194994278333333,0.233993134,5.20523809557143,1.02592331920034,66.6,3.3,12.59328857,NA,NA
172,NA,"R",2015,NA,NA,0.0143828911666667,0.172594694,5.21095238128571,1.06517317855661,69.9,3.3,12.56239967,NA,NA
173,2.75,"R",2015,NA,NA,0.0389988556666667,0.467986268,5.216666667,1.10442303791288,73.2,3.3,18.46241479,NA,NA
174,NA,"R",2015,NA,NA,0.0276340138333333,0.331608166,5.27809523842857,1.1198333021915,76.5,3.3,14.43942839,NA,NA
175,NA,"R",2015,NA,NA,0.0196880559166667,0.236256671,5.33952380985714,1.13524356647012,79.8,3.3,23.32769076,NA,NA
176,NA,"R",2015,NA,NA,0.0248281710833333,0.297938053,5.40095238128571,1.15065383074874,83.1,3.3,35.18164679,NA,NA
177,NA,"R",2015,NA,NA,0.0207490889166667,0.248989067,5.46238095271429,1.16606409502737,86.4,3.3,31.67316863,NA,NA
178,NA,"R",2015,NA,NA,0.0222109565,0.266531478,5.52380952414286,1.18147435930599,89.7,3.3,34.34220448,NA,NA
179,NA,"R",2015,NA,NA,0.0130624945833333,0.156749935,5.58523809557143,1.19688462358461,93,3.3,40.15049129,NA,NA
180,2.75,"R",2015,NA,NA,0.0299918648333333,0.359902378,5.646666667,1.21229488786323,96.3,3.3,32.05914855,NA,NA
181,NA,"R",2015,NA,NA,0.0266437164166667,0.319724597,5.56952380985714,1.1846598588616,96.6,0.3,26.12211209,NA,NA
182,NA,"R",2015,NA,NA,0.0272096006666667,0.326515208,5.49238095271429,1.15702482985996,96.9,0.3,17.86350789,NA,NA
183,NA,"R",2015,NA,NA,0.02159791525,0.259174983,5.41523809557143,1.12938980085833,97.2,0.3,22.04095289,NA,NA
184,NA,"R",2015,NA,NA,0.0206783533333333,0.24814024,5.33809523842857,1.10175477185669,97.5,0.3,14.27223731,NA,NA
185,NA,"R",2015,NA,NA,0.02864788975,0.343774677,5.26095238128571,1.07411974285506,97.8,0.3,13.30600114,NA,NA
186,NA,"R",2015,NA,NA,0.01868596925,0.224231631,5.18380952414286,1.04648471385342,98.1,0.3,11.42521883,NA,NA
187,2.75,"R",2015,NA,NA,0.0109404286666667,0.131285144,5.106666667,1.01884968485179,98.4,0.3,12.56138307,NA,NA
188,NA,"R",2015,NA,NA,0.0472159664166667,0.566591597,5.09095238128571,1.01389889350643,98.7,0.3,10.68771694,NA,NA
189,NA,"R",2015,NA,NA,0.02390860925,0.286903311,5.07523809557143,1.00894810216106,99,0.3,10.59472022,NA,NA
190,NA,"R",2015,NA,NA,0.0219280144166667,0.263136173,5.05952380985714,1.0039973108157,99.3,0.3,9.907949643,NA,NA
191,NA,"R",2015,NA,NA,0.0254883694166667,0.305860433,5.04380952414286,0.999046519470338,99.6,0.3,9.256944501,NA,NA
192,NA,"R",2015,NA,NA,0.0235785100833333,0.282942121,5.02809523842857,0.994095728124975,99.9,0.3,8.283954213,NA,NA
193,NA,"R",2015,NA,NA,0.0212442375833333,0.254930851,5.01238095271429,0.989144936779612,100.2,0.3,8.337970694,NA,NA
194,3.25,"R",2015,NA,NA,0.0109522179166667,0.131426615,4.996666667,0.984194145434249,100.5,0.3,5.644380128,NA,NA
195,NA,"R",2015,NA,NA,0.0166110603333333,0.199332724,5.03952380985714,0.982955442154221,100.8,0.3,8.292849435,NA,NA
196,NA,"R",2015,NA,NA,0.026207514,0.314490168,5.08238095271429,0.981716738874194,101.1,0.3,8.662030479,NA,NA
197,NA,"R",2015,NA,NA,0.03387052975,0.406446357,5.12523809557143,0.980478035594166,101.4,0.3,8.646546928,NA,NA
198,NA,"R",2015,NA,NA,0.0305459598333333,0.366551518,5.16809523842857,0.979239332314139,101.7,0.3,9.062647825,NA,NA
199,NA,"R",2015,NA,NA,0.0141471060833333,0.169765273,5.21095238128571,0.978000629034111,102,0.3,8.518377529,NA,NA
200,NA,"R",2015,NA,NA,0.0151374035,0.181648842,5.25380952414286,0.976761925754084,102.3,0.3,7.807619955,NA,NA
201,3.25,"R",2015,NA,NA,0.0130860730833333,0.157032877,5.296666667,0.975523222474056,102.6,0.3,8.007576729,NA,NA
202,NA,"R",2015,NA,NA,0.022187378,0.266248536,5.38380952414286,0.973952407209014,102.9,0.3,7.863141781,NA,NA
203,NA,"R",2015,NA,NA,0.0159626513333333,0.191551816,5.47095238128571,0.972381591943973,103.2,0.3,7.691493318,NA,NA
204,NA,"R",2015,NA,NA,0.0131214408333333,0.15745729,5.55809523842857,0.970810776678931,103.5,0.3,8.515607694,NA,NA
205,NA,"R",2015,NA,NA,0.0213385516666667,0.25606262,5.64523809557143,0.969239961413889,103.8,0.3,7.290093975,NA,NA
206,NA,"R",2015,NA,NA,0.0111172675,0.13340721,5.73238095271429,0.967669146148847,104.1,0.3,5.794836457,NA,NA
207,NA,"R",2015,NA,NA,0.0167289529166667,0.200747435,5.81952380985714,0.966098330883806,104.4,0.3,5.364112205,NA,NA
208,2.75,"R",2015,NA,NA,0.0132275441666667,0.15873053,5.906666667,0.964527515618764,104.7,0.3,4.256652747,NA,NA
209,NA,"R",2015,NA,NA,0.0141824738333333,0.170189686,5.78095238128571,0.946879865878818,105,0.3,3.86142571,NA,NA
210,NA,"R",2015,NA,NA,0.0250757455,0.300908946,5.65523809557143,0.929232216138873,105.3,0.3,3.276256942,NA,NA
211,NA,"R",2015,NA,NA,0.0359336493333333,0.431203792,5.52952380985714,0.911584566398927,105.6,0.3,3.19055001,NA,NA
212,NA,"R",2015,NA,NA,0.0166700066666667,0.20004008,5.40380952414286,0.893936916658981,105.9,0.3,3.566456234,NA,NA
213,NA,"R",2015,NA,NA,0.0300743895833333,0.360892675,5.27809523842857,0.876289266919035,106.2,0.3,3.549174088,NA,NA
214,NA,"R",2015,NA,NA,0.0182733453333333,0.219280144,5.15238095271429,0.85864161717909,106.5,0.3,4.470746472,NA,NA
215,3.25,"R",2015,NA,NA,0.0207844566666667,0.24941348,5.026666667,0.840993967439144,106.8,0.3,5.168604997,NA,NA
216,NA,"R",2015,NA,NA,0.0148190935833333,0.177829123,5.06380952414286,0.84811487603914,107.1,0.3,6.482912192,NA,NA
217,NA,"R",2015,NA,NA,0.01635169675,0.196220361,5.10095238128571,0.855235784639136,107.4,0.3,7.040167557,NA,NA
218,NA,"R",2015,NA,NA,0.0306638523333333,0.367966228,5.13809523842857,0.862356693239132,107.7,0.3,6.346926728,NA,NA
219,NA,"R",2015,NA,NA,0.01582118025,0.189854163,5.17523809557143,0.869477601839129,108,0.3,5.458733909,NA,NA
220,NA,"R",2015,NA,NA,0.0174245189166667,0.209094227,5.21238095271429,0.876598510439125,108.3,0.3,6.498086855,NA,NA
221,NA,"R",2015,NA,NA,0.0130153375833333,0.156184051,5.24952380985714,0.883719419039121,108.6,0.3,4.909224229,NA,NA
222,3.75,"R",2015,NA,NA,0.0136048003333333,0.163257604,5.286666667,0.890840327639117,108.9,0.3,4.17955248,NA,NA
223,NA,"R",2015,NA,NA,0.03673531875,0.440823825,5.28523809557143,0.869945871137796,109.2,0.3,3.732809009,NA,NA
224,NA,"R",2015,NA,NA,0.0265847700833333,0.319017241,5.28380952414286,0.849051414636474,109.5,0.3,4.156004188,NA,NA
225,NA,"R",2015,NA,NA,0.0373247815,0.447897378,5.28238095271429,0.828156958135153,109.8,0.3,3.271393699,NA,NA
226,NA,"R",2015,NA,NA,0.0171179983333333,0.20541598,5.28095238128571,0.807262501633832,110.1,0.3,3.240050456,NA,NA
227,NA,"R",2015,NA,NA,0.0382443433333333,0.45893212,5.27952380985714,0.786368045132511,110.4,0.3,2.815034786,NA,NA
228,NA,"R",2015,NA,NA,0.0285299971666667,0.342359966,5.27809523842857,0.765473588631189,110.7,0.3,3.283138521,NA,NA
229,3.25,"R",2015,NA,NA,0.0176838825833333,0.212206591,5.276666667,0.744579132129868,111,0.3,3.507571818,NA,NA
230,NA,"R",2015,NA,NA,0.01924006425,0.230880771,5.26238095271429,0.744581279550797,111.3,0.3,2.519624263,NA,NA
231,NA,"R",2015,NA,NA,0.039753368,0.477040416,5.24809523842857,0.744583426971727,111.6,0.3,3.163336496,NA,NA
232,NA,"R",2015,NA,NA,0.0262310925,0.31477311,5.23380952414286,0.744585574392656,111.9,0.3,3.198291786,NA,NA
233,NA,"R",2015,NA,NA,0.0203010971666667,0.243613166,5.21952380985714,0.744587721813586,112.2,0.3,2.513105532,NA,NA
234,NA,"R",2015,NA,NA,0.0367117401666667,0.440540882,5.20523809557143,0.744589869234515,112.5,0.3,2.938043001,NA,NA
235,NA,"R",2015,NA,NA,0.03223182325,0.386781879,5.19095238128571,0.744592016655445,112.8,0.3,2.952431756,NA,NA
236,3.75,"R",2015,NA,NA,0.0522735568333333,0.627282682,5.176666667,0.744594164076374,113.1,0.3,2.958374937,NA,NA
237,NA,"R",2015,NA,NA,0.124801053916667,1.497612647,5.176666667,0.744594164076374,113.4,0.3,2.66692445,NA,NA
238,NA,"R",2015,NA,NA,0.0365231121666667,0.438277346,5.176666667,0.744594164076374,113.7,0.3,3.203061971,NA,NA
239,NA,"R",2015,NA,NA,0.0335875875833333,0.403051051,5.176666667,0.744594164076374,114,0.3,3.623854854,NA,NA
240,NA,"R",2015,NA,NA,0.0288247285833333,0.345896743,5.176666667,0.744594164076374,114.3,0.3,3.127912007,NA,NA
241,NA,"R",2015,NA,NA,0.02395576625,0.287469195,5.176666667,0.744594164076374,114.6,0.3,2.652613895,NA,NA
242,NA,"R",2015,NA,NA,0.0400834671666667,0.481001606,5.176666667,0.744594164076374,114.9,0.3,3.012098169,NA,NA
243,NA,"R",2015,NA,NA,0.0275279105,0.330334926,5.176666667,0.744594164076374,115.2,0.3,2.449372731,NA,NA
244,NA,"R",2015,NA,NA,0.0241326050833333,0.289591261,5.176666667,0.744594164076374,115.5,0.3,2.392834308,NA,NA
245,NA,"R",2015,NA,NA,0.0279169559166667,0.335003471,5.176666667,0.744594164076374,115.8,0.3,2.462823089,NA,NA
150,NA,"R",2024,NA,NA,0.0134397507499823,0.161277008999787,5.15971428571429,0.98643438527524,0.3,0.3,4.397346646,NA,NA
151,NA,"R",2024,NA,NA,0.0199631385409093,0.239557662490912,5.14907142857143,0.980432328237043,0.6,0.3,3.741852128,NA,NA
152,NA,"R",2024,NA,NA,0.0200810310913478,0.240972373096173,5.13842857142857,0.974430271198846,0.9,0.3,4.090792158,NA,NA
153,NA,"R",2024,NA,NA,0.0174087999480764,0.208905599376917,5.12778571428571,0.968428214160649,1.2,0.3,5.562098897,NA,NA
154,NA,"R",2024,NA,NA,0.0152081390065589,0.182497668078707,5.11714285714286,0.962426157122452,1.5,0.3,5.382104648,NA,NA
155,3.25,"R",2024,NA,NA,0.0145007837039282,0.174009404447139,5.1065,0.956424100084255,1.8,0.3,3.603093301,NA,NA
156,NA,"R",2024,NA,NA,0.0153653290738101,0.184383948885722,5.09585714285714,0.98164935962275,2.1,0.3,3.612901972,NA,NA
157,NA,"R",2024,NA,NA,0.0113176848420903,0.135812218105084,5.08521428571429,1.00687461916124,2.4,0.3,4.415462127,NA,NA
158,NA,"R",2024,NA,NA,0.00872404873244463,0.104688584789336,5.07457142857143,1.03209987869974,2.7,0.3,7.177377876,NA,NA
159,NA,"R",2024,NA,NA,0.0111997922916519,0.134397507499823,5.06392857142857,1.05732513823824,3,0.3,7.148959198,NA,NA
160,NA,"R",2024,NA,NA,0.0121429326951594,0.145715192341913,5.05328571428571,1.08255039777673,3.3,0.3,5.596068799,NA,NA
161,NA,"R",2024,NA,NA,0.0112390898084647,0.134869077701576,5.04264285714286,1.10777565731523,3.6,0.3,6.713251696,NA,NA
162,2.75,"R",2024,NA,NA,0.0117892550438441,0.141471060526129,5.032,1.13300091685372,6.9,3.3,5.582101934,NA,NA
163,NA,"R",2024,NA,NA,0.0105317345058341,0.126380814070009,5.03519047619048,1.14431156887074,10.2,3.3,12.24573043,NA,NA
164,NA,"R",2024,NA,NA,0.0101780568545187,0.122136682254225,5.03838095238095,1.15562222088775,13.5,3.3,10.15750391,NA,NA
165,NA,"R",2024,NA,NA,0.0145400812207411,0.174480974648893,5.04157142857143,1.16693287290477,16.8,3.3,33.12424577,NA,NA
166,NA,"R",2024,NA,NA,0.0176838825657662,0.212206590789194,5.0447619047619,1.17824352492179,20.1,3.3,20.16027529,NA,NA
167,NA,"R",2024,NA,NA,0.0141471060526129,0.169765272631355,5.04795238095238,1.18955417693881,23.4,3.3,21.47442476,NA,NA
168,NA,"R",2024,NA,NA,0.0175659900153277,0.210791880183933,5.05114285714286,1.20086482895582,26.7,3.3,21.89668691,NA,NA
169,2.75,"R",2024,NA,NA,0.0140252837504932,0.168303405005918,5.05433333333333,1.21217548097284,30,3.3,23.15781419,NA,NA
170,NA,"R",2024,NA,NA,0.0172673288875503,0.207207946650604,5.05752380952381,1.21507684882588,33.3,3.3,26.26017858,NA,NA
171,NA,"R",2024,NA,NA,0.0238535927053779,0.286243112464535,5.06071428571429,1.21797821667892,36.6,3.3,30.75386717,NA,NA
172,NA,"R",2024,NA,NA,0.0179078784115992,0.21489454093919,5.06390476190476,1.22087958453196,39.9,3.3,15.10565192,NA,NA
173,NA,"R",2024,NA,NA,0.0155618166578742,0.186741799894491,5.06709523809524,1.22378095238501,43.2,3.3,16.29994162,NA,NA
174,NA,"R",2024,NA,NA,0.0156797092083126,0.188156510499752,5.07028571428571,1.22668232023805,46.5,3.3,11.76790119,NA,NA
175,NA,"R",2024,NA,NA,0.0191771882046531,0.230126258455837,5.07347619047619,1.22958368809109,49.8,3.3,9.586419157,NA,NA
176,3.25,"R",2024,NA,NA,0.0262114437141467,0.314537324569761,5.07666666666667,1.23248505594413,53.1,3.3,14.14399731,NA,NA
177,NA,"R",2024,NA,NA,0.0213778491461706,0.256534189754048,5.07985714285714,1.24623278685638,56.4,3.3,47.79311146,NA,NA
178,NA,"R",2024,NA,NA,0.0302983854626793,0.363580625552152,5.08304761904762,1.25998051776864,59.7,3.3,16.72715338,NA,NA
179,NA,"R",2024,NA,NA,0.028687187273354,0.344246247280248,5.0862380952381,1.27372824868089,63,3.3,14.85796861,NA,NA
180,NA,"R",2024,NA,NA,0.0351319800306554,0.421583760367865,5.08942857142857,1.28747597959314,66.3,3.3,12.67269667,NA,NA
181,NA,"R",2024,NA,NA,0.0238142951885651,0.285771542262781,5.09261904761905,1.30122371050539,69.6,3.3,6.73779688,NA,NA
182,NA,"R",2024,NA,NA,0.0249932206929495,0.299918648315394,5.09580952380952,1.31497144141765,72.9,3.3,6.564880964,NA,NA
183,2.75,"R",2024,NA,NA,0.037305132710404,0.447661592524848,5.099,1.3287191723299,76.2,3.3,5.344029662,NA,NA
184,NA,"R",2024,NA,NA,0.0335993768749557,0.403192522499468,5.11642857142857,1.33046100117637,79.5,3.3,10.61806828,NA,NA
185,NA,"R",2024,NA,NA,0.0277047493530336,0.332456992236404,5.13385714285714,1.33220283002283,82.8,3.3,5.50140459,NA,NA
186,NA,"R",2024,NA,NA,0.0257005759955801,0.308406911946962,5.15128571428571,1.3339446588693,86.1,3.3,5.623558501,NA,NA
187,NA,"R",2024,NA,NA,0.0327348315050738,0.392817978060885,5.16871428571429,1.33568648771576,89.4,3.3,10.60205889,NA,NA
188,NA,"R",2024,NA,NA,0.0364680956022911,0.437617147227493,5.18614285714286,1.33742831656223,92.7,3.3,8.420773625,NA,NA
189,NA,"R",2024,NA,NA,0.0468033425240611,0.561640110288733,5.20357142857143,1.33917014540869,96,3.3,9.185181305,NA,NA
190,2.75,"R",2024,NA,NA,0.0852363139669929,1.02283576760391,5.221,1.34091197425516,99.3,3.3,32.16932386,NA,NA
191,NA,"R",2024,NA,NA,0.0336386743917685,0.403664092701222,5.382,1.36092221215008,102.6,3.3,13.46250102,NA,NA
192,NA,"R",2024,NA,NA,0.0389124011480481,0.466948813776577,5.543,1.38093245004501,105.9,3.3,21.25913723,NA,NA
193,NA,"R",2024,NA,NA,0.0410187480492149,0.492224976590579,5.704,1.40094268793993,109.2,3.3,9.909901568,NA,NA
194,NA,"R",2024,NA,NA,0.0439660618101759,0.527592741722111,5.865,1.42095292583485,112.5,3.3,23.09247761,NA,NA
195,NA,"R",2024,NA,NA,0.0385449693658483,0.462539632390179,6.026,1.44096316372977,115.8,3.3,28.21303221,NA,NA
196,NA,"R",2024,NA,NA,0.0331238769215206,0.397486523058248,6.187,1.4609734016247,119.1,3.3,38.27358037,NA,NA
197,2.25,"R",2024,NA,NA,0.027702784477193,0.332433413726316,6.348,1.48098363951962,122.4,3.3,36.85273613,NA,NA
198,NA,"R",2024,NA,NA,0.0222816920328654,0.267380304394384,6.30085714285714,1.46972534538311,125.7,3.3,45.99914942,NA,NA
199,NA,"R",2024,NA,NA,0.0389438391614983,0.46732606993798,6.25371428571429,1.4584670512466,129,3.3,40.93069762,NA,NA
200,NA,"R",2024,NA,NA,0.0248753281425111,0.298503937710133,6.20657142857143,1.44720875711009,132.3,3.3,41.8165775,NA,NA
201,NA,"R",2024,NA,NA,0.0196880559232197,0.236256671078636,6.15942857142857,1.43595046297358,135.6,3.3,54.20783861,NA,NA
202,NA,"R",2024,NA,NA,0.0257005759955801,0.308406911946961,6.11228571428571,1.42469216883707,138.9,3.3,83.85656214,NA,NA
203,NA,"R",2024,NA,NA,0.030376980496305,0.364523765955659,6.06514285714286,1.41343387470056,142.2,3.3,52.05961256,NA,NA
204,NA,"R",2024,NA,NA,0.0308878482148716,0.370654178578459,6.018,1.40217558056406,145.5,3.3,55.17242468,NA,NA
205,3.25,"R",2024,NA,NA,0.0224781796169294,0.269738155403153,6.06957142857143,1.39091728642755,148.8,3.3,53.65439311,NA,NA
206,NA,"R",2024,NA,NA,0.0317916911015663,0.381500293218795,6.12114285714286,1.37965899229104,152.1,3.3,39.67636136,NA,NA
207,NA,"R",2024,NA,NA,0.0315166084838766,0.378199301806519,6.17271428571429,1.36840069815453,155.4,3.3,40.79731502,NA,NA
208,NA,"R",2024,NA,NA,0.0254647908947033,0.305577490736439,6.22428571428571,1.35714240401802,158.7,3.3,42.4813139,NA,NA
209,NA,"R",2024,NA,NA,0.013714833367672,0.164578000412064,6.27585714285714,1.34588410988151,162,3.3,42.62923625,NA,NA
210,NA,"R",2024,NA,NA,0.0195308658559684,0.234370390271621,6.32742857142857,1.334625815745,165.3,3.3,27.75925276,NA,NA
211,2.75,"R",2024,NA,NA,0.013785568897935,0.16542682677522,6.379,1.32336752160849,168.6,3.3,25.24518225,NA,NA
212,NA,"R",2024,NA,NA,0.0257791710292058,0.309350052350469,6.39314285714286,1.36354091072128,171.9,3.3,30.30732973,NA,NA
213,NA,"R",2024,NA,NA,0.0284514021724771,0.341416826069725,6.40728571428571,1.40371429983406,175.2,3.3,38.33783387,NA,NA
214,NA,"R",2024,NA,NA,0.0148544613552436,0.178253536262923,6.42142857142857,1.44388768894685,178.5,3.3,43.8975028,NA,NA
215,NA,"R",2024,NA,NA,0.021731526797486,0.260778321569831,6.43557142857143,1.48406107805963,181.8,3.3,52.78329153,NA,NA
216,NA,"R",2024,NA,NA,0.0146579737711795,0.175895685254154,6.44971428571429,1.52423446717242,185.1,3.3,58.1994784,NA,NA
217,NA,"R",2024,NA,NA,0.0201596261249734,0.241915513499681,6.46385714285714,1.5644078562852,188.4,3.3,68.34047403,NA,NA
218,2.75,"R",2024,NA,NA,0.015754374490257,0.189052493883084,6.478,1.60458124539799,191.7,3.3,60.78729241,NA,NA
219,NA,"R",2024,NA,NA,0.0273117741849055,0.327741290218866,6.41385714285714,1.54486717082137,195,3.3,57.22670828,NA,NA
220,NA,"R",2024,NA,NA,0.0179982627002687,0.215979152403224,6.34971428571429,1.48515309624474,198.3,3.3,48.45514799,NA,NA
221,NA,"R",2024,NA,NA,0.0123001227624107,0.147601473148928,6.28557142857143,1.42543902166812,201.6,3.3,23.44982806,NA,NA
222,NA,"R",2024,NA,NA,0.0216922292806731,0.260306751368078,6.22142857142857,1.36572494709149,204.9,3.3,11.35480169,NA,NA
223,NA,"R",2024,NA,NA,0.0538768955503675,0.64652274660441,6.15728571428571,1.30601087251487,208.2,3.3,2.745645161,NA,NA
224,NA,"R",2024,NA,NA,0.0244823529743829,0.293788235692595,6.09314285714286,1.24629679793824,211.5,3.3,2.743210842,NA,NA
225,3.25,"R",2024,NA,NA,0.016229874443692,0.194758493324305,6.029,1.18658272336162,214.8,3.3,3.246906904,NA,NA
226,NA,"R",2024,NA,NA,0.0133218581995438,0.159862298394526,6.01035714285714,1.17748408337386,218.1,3.3,4.781047122,NA,NA
227,NA,"R",2024,NA,NA,0.0134004532331695,0.160805438798034,5.99171428571429,1.16838544338609,221.4,3.3,6.62480127,NA,NA
228,NA,"R",2024,NA,NA,0.018854948566788,0.226259382801456,5.97307142857143,1.15928680339833,224.7,3.3,7.619741449,NA,NA
229,NA,"R",2024,NA,NA,0.0333635917740788,0.400363101288946,5.95442857142857,1.15018816341057,228,3.3,14.57395595,NA,NA
230,NA,"R",2024,NA,NA,0.0183833783650342,0.220600540380411,5.93578571428571,1.14108952342281,231.3,3.3,27.9325979,NA,NA
231,NA,"R",2024,NA,NA,0.0249892909412682,0.299871491295219,5.91714285714286,1.13199088343504,234.6,3.3,14.24938872,NA,NA
232,3.25,"R",2024,NA,NA,0.0330059843710822,0.396071812452986,5.8985,1.12289224344728,237.9,3.3,13.43168024,NA,NA
233,NA,"R",2024,NA,NA,0.0199749277959532,0.239699133551438,5.8985,1.12289224344728,241.2,3.3,11.529411,NA,NA
234,NA,"R",2024,NA,NA,0.0295085053747418,0.354102064496901,5.8985,1.12289224344728,241.5,0.3,13.86804682,NA,NA
235,NA,"R",2024,NA,NA,0.028129162534612,0.337549950415344,5.8985,1.12289224344728,241.8,0.3,14.20916499,NA,NA
236,NA,"R",2024,NA,NA,0.0169804570148168,0.203765484177801,5.8985,1.12289224344728,242.1,0.3,17.5526106,NA,NA
237,NA,"R",2024,NA,NA,0.0169804570148168,0.203765484177801,5.8985,1.12289224344728,242.4,0.3,14.80120264,NA,NA
238,NA,"R",2024,NA,NA,0.0169804570148168,0.203765484177801,5.8985,1.12289224344728,242.7,0.3,14.31782131,NA,NA
239,NA,"R",2024,NA,NA,0.0169804570148168,0.203765484177801,5.8985,1.12289224344728,243,0.3,12.68449389,NA,NA
240,NA,"R",2024,NA,NA,0.0169804570148168,0.203765484177801,5.8985,1.12289224344728,243.3,0.3,12.68449389,NA,NA
241,NA,"R",2024,NA,NA,0.0169804570148168,0.203765484177801,5.8985,1.12289224344728,243.6,0.3,12.68449389,NA,NA
242,NA,"R",2024,NA,NA,0.0169804570148168,0.203765484177801,5.8985,1.12289224344728,243.9,0.3,12.68449389,NA,NA
243,NA,"R",2024,NA,NA,0.0169804570148168,0.203765484177801,5.8985,1.12289224344728,244.2,0.3,12.68449389,NA,NA
244,NA,"R",2024,NA,NA,0.0169804570148168,0.203765484177801,5.8985,1.12289224344728,244.5,0.3,12.68449389,NA,NA
245,NA,"R",2024,NA,NA,0.0169804570148168,0.203765484177801,5.8985,1.12289224344728,244.8,0.3,12.68449389,NA,NA
150,NA,"R",2025,NA,NA,0.00679847040861676,0.0815816449034012,4.58657142857143,1.04908829338638,0.3,0.3,3.9200728755469,NA,NA
151,NA,"R",2025,NA,NA,0.00919561893419838,0.110347427210381,4.60171428571429,1.04908829338638,0.6,0.3,2.96591190137553,NA,NA
152,NA,"R",2025,NA,NA,0.0141864035694257,0.170236842833109,4.61685714285714,1.04908829338638,0.9,0.3,3.30055073986513,NA,NA
153,NA,"R",2025,NA,NA,0.0115141724261544,0.138170069113853,4.632,1.04908829338638,1.2,0.3,3.29496207850186,NA,NA
154,NA,"R",2025,NA,NA,0.0126930979305388,0.152317175166466,4.63328571428571,1.04908829338638,1.5,0.3,4.01887786617021,NA,NA
155,NA,"R",2025,NA,NA,0.00907772638375996,0.10893271660512,4.63457142857143,1.04908829338638,1.8,0.3,3.24639409509497,NA,NA
156,NA,"R",2025,NA,NA,0.00974578416957779,0.116949410034933,4.63585714285714,1.04908829338638,2.1,0.3,2.6131227554486,NA,NA
157,NA,"R",2025,NA,NA,0.0138327259181104,0.165992711017325,4.63714285714286,1.04908829338638,2.4,0.3,3.86124087456537,NA,NA
158,NA,"R",2025,NA,NA,0.0128502879977901,0.154203455973481,4.63842857142857,1.04908829338638,2.7,0.3,2.81730696663042,NA,NA
159,NA,"R",2025,NA,NA,0.0135576433004207,0.162691719605049,4.63971428571429,1.04908829338638,3,0.3,2.85980482275506,NA,NA
160,2.25,"R",2025,NA,NA,0.0133886639781256,0.160663967737507,4.641,1.04908829338638,3.3,0.3,4.51181538541188,NA,NA
161,NA,"R",2025,NA,NA,0.0135969408172335,0.163163289806802,4.63707142857143,1.04062148622948,3.6,0.3,4.9148990010338,NA,NA
162,NA,"R",2025,NA,NA,0.0128502879977901,0.154203455973481,4.63314285714286,1.03215467907258,3.9,0.3,4.42931842033702,NA,NA
163,NA,"R",2025,NA,NA,0.0113569823589031,0.136283788306838,4.62921428571429,1.02368787191568,4.2,0.3,3.57142102807741,NA,NA
164,NA,"R",2025,NA,NA,0.0143318043816331,0.171981652579598,4.62528571428571,1.01522106475878,4.5,0.3,4.36691503924766,NA,NA
165,NA,"R",2025,NA,NA,0.0121900897153348,0.146281076584018,4.62135714285714,1.00675425760188,4.8,0.3,5.99447792920146,NA,NA
166,NA,"R",2025,NA,NA,0.0126145028969132,0.151374034762958,4.61742857142857,0.998287450444981,5.1,0.3,5.50559064405574,NA,NA
167,2.75,"R",2025,NA,NA,0.0133808044747631,0.160569653697157,4.6135,0.989820643288081,5.4,0.3,4.05562599186284,NA,NA
168,NA,"R",2025,NA,NA,0.022311165170475,0.2677339820457,4.62642857142857,1.03094520761789,5.7,0.3,5.14101646615916,NA,NA
169,NA,"R",2025,NA,NA,0.0183126428347712,0.219751714017254,4.63935714285714,1.07206977194771,6,0.3,4.1984611713728,NA,NA
170,NA,"R",2025,NA,NA,0.0134004532331695,0.160805438798034,4.65228571428571,1.11319433627752,6.3,0.3,3.78650395602904,NA,NA
171,NA,"R",2025,NA,NA,0.018548427935648,0.222581135227777,4.66521428571429,1.15431890060733,6.6,0.3,3.3516505549038,NA,NA
172,NA,"R",2025,NA,NA,0.0198845435072837,0.238614522087405,4.67814285714286,1.19544346493714,6.9,0.3,3.25644306369676,NA,NA
173,NA,"R",2025,NA,NA,0.0140292135021745,0.168350562026094,4.69107142857143,1.23656802926696,7.2,0.3,4.69581894824671,NA,NA
174,1.75,"R",2025,NA,NA,0.0155225191410614,0.186270229692737,4.704,1.27769259359677,7.5,0.3,4.21464121230987,NA,NA
175,NA,"R",2025,NA,NA,0.0132039656491054,0.158447587789265,4.71985714285714,1.24053493997265,7.8,0.3,9.95453163018268,NA,NA
176,NA,"R",2025,NA,NA,0.016662147128633,0.199945765543596,4.73571428571429,1.20337728634853,8.1,0.3,4.98941390544836,NA,NA
177,NA,"R",2025,NA,NA,0.0153849778322166,0.184619733986599,4.75157142857143,1.16621963272441,8.4,0.3,6.72492876784235,NA,NA
178,NA,"R",2025,NA,NA,0.0132039656491054,0.158447587789265,4.76742857142857,1.1290619791003,8.7,0.3,6.6983706550171,NA,NA
179,NA,"R",2025,NA,NA,0.0108854121571494,0.130624945885793,4.78328571428571,1.09190432547618,9,0.3,4.22913916978319,NA,NA
180,NA,"R",2025,NA,NA,0.011396279875716,0.136755358508591,4.79914285714286,1.05474667185206,9.3,0.3,5.01860745649555,NA,NA
181,2.75,"R",2025,NA,NA,0.0165835520950074,0.199002625140088,4.815,1.01758901822794,9.6,0.3,6.26516102903656,NA,NA
182,NA,"R",2025,NA,NA,0.00884194128288308,0.106103295394597,4.81667857142857,1.04245428563462,9.9,0.3,5.12857671019118,NA,NA
183,NA,"R",2025,NA,NA,0.0100994618208931,0.121193541850717,4.81835714285714,1.06731955304131,10.2,0.3,4.86975700025107,NA,NA
184,NA,"R",2025,NA,NA,0.00954929658551372,0.114591559026165,4.82003571428571,1.09218482044799,10.5,0.3,3.88244278787249,NA,NA
185,NA,"R",2025,NA,NA,0.0125752053801004,0.150902464561205,4.82171428571429,1.11705008785467,10.8,0.3,5.70292898449455,NA,NA
186,NA,"R",2025,NA,NA,0.0154832216242486,0.185798659490983,4.82339285714286,1.14191535526135,11.1,0.3,4.77968021186594,NA,NA
187,NA,"R",2025,NA,NA,0.013282560682731,0.159390728192772,4.82507142857143,1.16678062266804,11.4,0.3,6.34619792476944,NA,NA
188,2.25,"R",2025,NA,NA,0.0137934284012976,0.165521140815571,4.82675,1.19164589007472,11.7,0.3,5.026492005071,NA,NA
189,NA,"R",2025,NA,NA,0.0128502879977901,0.154203455973481,4.82842857142857,1.17766716442662,12,0.3,4.32119928432279,NA,NA
190,NA,"R",2025,NA,NA,0.0171730148471996,0.206076178166395,4.83010714285714,1.16368843877851,12.3,0.3,4.66537254103786,NA,NA
191,NA,"R",2025,NA,NA,0.011396279875716,0.136755358508591,4.83178571428571,1.14970971313041,12.6,0.3,5.780029700445,NA,NA
192,NA,"R",2025,NA,NA,0.0161905769268792,0.194286923122551,4.83346428571429,1.1357309874823,12.9,0.3,3.74187911755349,NA,NA
193,NA,"R",2025,NA,NA,0.0150823869527579,0.180988643433095,4.83514285714286,1.1217522618342,13.2,0.3,5.06819322228811,NA,NA
194,NA,"R",2025,NA,NA,0.0127716929641644,0.153260315569973,4.83682142857143,1.10777353618609,13.5,0.3,3.9112367135005,NA,NA
195,2.75,"R",2025,NA,NA,0.0170158247799483,0.20418989735938,4.8385,1.09379481053799,13.8,0.3,4.27027533929431,NA,NA
196,NA,"R",2025,NA,NA,0.0199238410240965,0.239086092289158,4.73757142857143,1.09797859156639,14.1,0.3,4.24919444544965,NA,NA
197,NA,"R",2025,NA,NA,0.0157583042419383,0.189099650903259,4.63664285714286,1.10216237259478,14.4,0.3,7.08840245220985,NA,NA
198,NA,"R",2025,NA,NA,0.0156404116914998,0.187684940297998,4.53571428571429,1.10634615362318,14.7,0.3,5.10318525980974,NA,NA
199,NA,"R",2025,NA,NA,0.0094707015518881,0.113648418622657,4.43478571428571,1.11052993465158,15,0.3,6.628289067889,NA,NA
200,NA,"R",2025,NA,NA,0.0162298744436921,0.194758493324305,4.33385714285714,1.11471371567998,15.3,0.3,5.85270928811961,NA,NA
201,NA,"R",2025,NA,NA,0.0113176848420903,0.135812218105084,4.23292857142857,1.11889749670837,15.6,0.3,4.06477384432333,NA,NA
202,3.25,"R",2025,NA,NA,0.0168979322295099,0.202775186754119,4.132,1.12308127773677,15.9,0.3,5.4491668433127,NA,NA
203,NA,"R",2025,NA,NA,0.0128502879977901,0.154203455973481,4.22228571428571,1.11885457893906,16.2,0.3,4.04476993663015,NA,NA
204,NA,"R",2025,NA,NA,0.0122608252455979,0.147129902947174,4.31257142857143,1.11462788014135,16.5,0.3,7.03139009638322,NA,NA
205,NA,"R",2025,NA,NA,0.0146972712879923,0.176367255455908,4.40285714285714,1.11040118134364,16.8,0.3,7.150770136911,NA,NA
206,NA,"R",2025,NA,NA,0.0117106600102185,0.140527920122622,4.49314285714286,1.10617448254593,17.1,0.3,3.51312534356259,NA,NA
207,NA,"R",2025,NA,NA,0.0174873949817021,0.209848739780425,4.58342857142857,1.10194778374822,17.4,0.3,4.94577115297029,NA,NA
208,NA,"R",2025,NA,NA,0.0115534699429672,0.138641639315607,4.67371428571429,1.09772108495051,17.7,0.3,3.37056789936574,NA,NA
209,2.75,"R",2025,NA,NA,0.0148937588720564,0.178725106464677,4.764,1.0934943861528,18,0.3,3.92956376159162,NA,NA
210,NA,"R",2025,NA,NA,0.0123001227624107,0.147601473148928,4.79928571428571,1.08556491785174,18.3,0.3,4.73426482898817,NA,NA
211,NA,"R",2025,NA,NA,0.021299254112545,0.25559104935054,4.83457142857143,1.07763544955068,18.6,0.3,4.39796654376879,NA,NA
212,NA,"R",2025,NA,NA,0.0122608252455979,0.147129902947174,4.86985714285714,1.06970598124962,18.9,0.3,5.23297906861391,NA,NA
213,NA,"R",2025,NA,NA,0.0161119818932536,0.193343782719043,4.90514285714286,1.06177651294855,19.2,0.3,3.78058619137938,NA,NA
214,NA,"R",2025,NA,NA,0.0125830648834629,0.150996778601555,4.94042857142857,1.05384704464749,19.5,0.3,3.83837690259763,NA,NA
215,NA,"R",2025,NA,NA,0.0129288830314157,0.155146596376988,4.97571428571429,1.04591757634643,19.8,0.3,3.46765162756263,NA,NA
216,3.25,"R",2025,NA,NA,0.0155225191410614,0.186270229692737,5.011,1.03798810804537,20.1,0.3,4.73971679930392,NA,NA
217,NA,"R",2025,NA,NA,0.0165835520950074,0.199002625140088,5.09414285714286,1.05650800848081,20.4,0.3,5.26926314125986,NA,NA
218,NA,"R",2025,NA,NA,0.0154832216242486,0.185798659490983,5.17728571428571,1.07502790891625,20.7,0.3,6.26482583124487,NA,NA
219,NA,"R",2025,NA,NA,0.0173302049144508,0.20796245897341,5.26042857142857,1.09354780935169,21,0.3,7.87211404334129,NA,NA
220,NA,"R",2025,NA,NA,0.0163870645109433,0.19664477413132,5.34357142857143,1.11206770978712,21.3,0.3,6.68471983378096,NA,NA
221,NA,"R",2025,NA,NA,0.0193736757887171,0.232484109464606,5.42671428571429,1.13058761022256,21.6,0.3,8.36191898685699,NA,NA
222,NA,"R",2025,NA,NA,0.0167800396790714,0.201360476148857,5.50985714285714,1.149107510658,21.9,0.3,8.57194434605037,NA,NA
223,2.75,"R",2025,NA,NA,0.0167407421622586,0.200888905947104,5.593,1.16762741109344,22.2,0.3,6.3475091140533,NA,NA
224,NA,"R",2025,NA,NA,0.0124573128296619,0.149487753955943,5.47185714285714,1.16762741109344,22.5,0.3,7.37429656663877,NA,NA
225,NA,"R",2025,NA,NA,0.0116713624934057,0.140056349920868,5.35071428571429,1.16762741109344,22.8,0.3,7.48963246757591,NA,NA
226,NA,"R",2025,NA,NA,0.0146186762543667,0.1754241150524,5.22957142857143,1.16762741109344,23.1,0.3,8.06511919050933,NA,NA
227,NA,"R",2025,NA,NA,0.0144614861871154,0.173537834245385,5.10842857142857,1.16762741109344,23.4,0.3,6.52982536956269,NA,NA
228,NA,"R",2025,NA,NA,0.013911320951736,0.166935851420833,4.98728571428571,1.16762741109344,23.7,0.3,6.85744072601186,NA,NA
229,NA,"R",2025,NA,NA,0.013714833367672,0.164578000412064,4.86614285714286,1.16762741109344,24,0.3,7.0514706207145,NA,NA
230,3.25,"R",2025,NA,NA,0.0201203286081606,0.241443943297927,4.745,1.16762741109344,24.3,0.3,11.0325346934076,NA,NA
231,NA,"R",2025,NA,NA,0.0154439241074358,0.185327089289229,4.745,1.16762741109344,24.6,0.3,10.2432962566095,NA,NA
232,NA,"R",2025,NA,NA,0.00962789161913935,0.115534699429672,4.745,1.16762741109344,24.9,0.3,8.74648575407977,NA,NA
233,NA,"R",2025,NA,NA,0.0127127466889452,0.152552960267343,4.745,1.16762741109344,25.2,0.3,8.59603853744579,NA,NA
234,NA,"R",2025,NA,NA,0.0127127466889452,0.152552960267343,4.745,1.16762741109344,25.5,0.3,5.02448430089532,NA,NA
235,NA,"R",2025,NA,NA,0.0127127466889452,0.152552960267343,4.745,1.16762741109344,25.8,0.3,5.02448430089532,NA,NA
236,NA,"R",2025,NA,NA,0.0127127466889452,0.152552960267343,4.745,1.16762741109344,26.1,0.3,5.02448430089532,NA,NA
237,NA,"R",2025,NA,NA,0.0127127466889452,0.152552960267343,4.745,1.16762741109344,26.4,0.3,5.02448430089532,NA,NA
238,NA,"R",2025,NA,NA,0.0127127466889452,0.152552960267343,4.745,1.16762741109344,26.7,0.3,5.02448430089532,NA,NA
239,NA,"R",2025,NA,NA,0.0127127466889452,0.152552960267343,4.745,1.16762741109344,27,0.3,5.02448430089532,NA,NA
240,NA,"R",2025,NA,NA,0.0127127466889452,0.152552960267343,4.745,1.16762741109344,27.3,0.3,5.02448430089532,NA,NA
241,NA,"R",2025,NA,NA,0.0127127466889452,0.152552960267343,4.745,1.16762741109344,27.6,0.3,5.02448430089532,NA,NA
242,NA,"R",2025,NA,NA,0.0127127466889452,0.152552960267343,4.745,1.16762741109344,27.9,0.3,5.02448430089532,NA,NA
243,NA,"R",2025,NA,NA,0.0127127466889452,0.152552960267343,4.745,1.16762741109344,28.2,0.3,5.02448430089532,NA,NA
244,NA,"R",2025,NA,NA,0.0127127466889452,0.152552960267343,4.745,1.16762741109344,28.5,0.3,5.02448430089532,NA,NA
245,NA,"R",2025,NA,NA,0.0127127466889452,0.152552960267343,4.745,1.16762741109344,28.8,0.3,5.02448430089532,NA,NA
150,NA,"T",2013,0.3937619,NA,0.0112285746960821,0.112285746960821,10.5401428557143,1.76576525473784,0.3,0.3,5.087651064,0.03937619,NA
151,NA,"T",2013,0.3937619,NA,0.0107241235070599,0.107241235070599,10.5938571414286,1.76796706864779,0.6,0.3,5.403805179,0.03937619,NA
152,NA,"T",2013,0.3937619,NA,0.0102196723180377,0.102196723180377,10.6475714271429,1.77016888255775,0.9,0.3,6.207030816,0.03937619,NA
153,NA,"T",2013,0.3937619,NA,0.00971522112901545,0.0971522112901545,10.7012857128571,1.77237069646771,1.2,0.3,9.472903399,0.03937619,NA
154,NA,"T",2013,0.3937619,NA,0.00921076993999324,0.0921076993999324,10.7549999985714,1.77457251037767,2,0.8,7.984399498,0.03937619,NA
155,NA,"T",2013,0.3937619,NA,0.00870631875097104,0.0870631875097104,10.8087142842857,1.77677432428762,2.8,0.8,7.770680925,0.03937619,NA
156,1.75,"T",2013,0.3937619,NA,0.00820186756194883,0.0820186756194883,10.86242857,1.77897613819758,3.6,0.8,9.920563378,0.03937619,NA
157,NA,"T",2013,0.3937619,NA,0.00813137439885037,0.0813137439885037,10.90042857,1.79021057168045,4.4,0.8,11.34161953,0.03937619,NA
158,NA,"T",2013,0.3937619,NA,0.00806088123575191,0.0806088123575191,10.93842857,1.80144500516332,5.2,0.8,11.6694937,0.03937619,NA
159,NA,"T",2013,0.3937619,NA,0.00799038807265345,0.0799038807265345,10.97642857,1.81267943864619,6,0.8,7.180829153,0.03937619,NA
160,NA,"T",2013,0.3937619,NA,0.00791989490955499,0.0791989490955499,11.01442857,1.82391387212905,6.8,0.8,7.184620935,0.03937619,NA
161,NA,"T",2013,0.3937619,NA,0.00784940174645653,0.0784940174645653,11.05242857,1.83514830561192,7.9125,1.1125,5.680317946,0.03937619,NA
162,NA,"T",2013,0.3937619,NA,0.00777890858335807,0.0777890858335807,11.09042857,1.84638273909479,9.025,1.1125,5.337046851,0.03937619,NA
163,1.25,"T",2013,0.3937619,NA,0.00770841542025961,0.0770841542025961,11.12842857,1.85761717257766,10.1375,1.1125,5.011987795,0.03937619,NA
164,NA,"T",2013,0.3937619,NA,0.00731436500088977,0.0731436500088977,11.1248571414286,1.86602461273753,11.25,1.1125,4.901336728,0.03937619,NA
165,NA,"T",2013,0.3937619,NA,0.00692031458151993,0.0692031458151993,11.1212857128571,1.8744320528974,12.3625,1.1125,5.134761072,0.03937619,NA
166,NA,"T",2013,0.3937619,NA,0.0065262641621501,0.065262641621501,11.1177142842857,1.88283949305727,13.475,1.1125,7.891098702,0.03937619,NA
167,NA,"T",2013,0.3937619,NA,0.00613221374278026,0.0613221374278026,11.1141428557143,1.89124693321714,14.5875,1.1125,7.356572464,0.03937619,NA
168,NA,"T",2013,0.3937619,NA,0.00573816332341042,0.0573816332341042,11.1105714271429,1.89965437337701,16.0125,1.425,7.625329315,0.03937619,NA
169,NA,"T",2013,0.3937619,NA,0.00534411290404059,0.0534411290404059,11.1069999985714,1.90806181353688,17.4375,1.425,6.685599557,0.03937619,NA
170,1.75,"T",2013,0.3937619,NA,0.00495006248467075,0.0495006248467075,11.10342857,1.91646925369675,18.8625,1.425,6.087245003,0.03937619,NA
171,NA,"T",2013,0.3937619,NA,0.00557535516886656,0.0557535516886656,11.1227142842857,1.89837145126817,20.2875,1.425,5.274482462,0.03937619,NA
172,NA,"T",2013,0.3937619,NA,0.00620064785306237,0.0620064785306237,11.1419999985714,1.88027364883958,21.7125,1.425,6.795159051,0.03937619,NA
173,NA,"T",2013,0.3937619,NA,0.00682594053725818,0.0682594053725818,11.1612857128571,1.862175846411,23.1375,1.425,6.978141216,0.03937619,NA
174,NA,"T",2013,0.3937619,NA,0.00745123322145398,0.0745123322145398,11.1805714271429,1.84407804398241,24.5625,1.425,8.915626474,0.03937619,NA
175,NA,"T",2013,0.3937619,NA,0.00807652590564979,0.0807652590564979,11.1998571414286,1.82598024155383,26.3,1.7375,11.72694493,0.03937619,NA
176,NA,"T",2013,0.3937619,NA,0.0087018185898456,0.087018185898456,11.2191428557143,1.80788243912524,28.0375,1.7375,9.552013741,0.03937619,NA
177,1.25,"T",2013,0.3937619,NA,0.00932711127404141,0.0932711127404141,11.23842857,1.78978463669666,29.775,1.7375,7.0763828185,0.03937619,NA
178,NA,"T",2013,0.3937619,NA,0.00960005324680406,0.0960005324680406,11.2278571414286,1.81524160568129,31.5125,1.7375,4.600751896,0.03937619,NA
179,NA,"T",2013,0.3937619,NA,0.0098729952195667,0.098729952195667,11.2172857128571,1.84069857466592,33.25,1.7375,4.69209935,0.03937619,NA
180,NA,"T",2013,0.3937619,NA,0.0101459371923293,0.101459371923293,11.2067142842857,1.86615554365055,34.9875,1.7375,5.050020509,0.03937619,NA
181,NA,"T",2013,0.3937619,NA,0.010418879165092,0.10418879165092,11.1961428557143,1.89161251263517,36.725,1.7375,5.809755566,0.03937619,NA
182,NA,"T",2013,0.3937619,NA,0.0106918211378546,0.106918211378546,11.1855714271429,1.9170694816198,38.775,2.05,7.01663354,0.03937619,NA
183,NA,"T",2013,0.3937619,NA,0.0109647631106173,0.109647631106173,11.1749999985714,1.94252645060443,40.825,2.05,6.582244795,0.03937619,NA
184,1.75,"T",2013,0.3937619,NA,0.0112377050833799,0.112377050833799,11.16442857,1.96798341958906,42.875,2.05,5.966252714,0.03937619,NA
185,NA,"T",2013,0.3937619,NA,0.0118349680242785,0.118349680242785,11.2251428557143,1.96704539249419,44.925,2.05,4.332282301,0.03937619,NA
186,NA,"T",2013,0.3937619,NA,0.012432230965177,0.12432230965177,11.2858571414286,1.96610736539932,46.975,2.05,4.780689146,0.03937619,NA
187,NA,"T",2013,0.3937619,NA,0.0130294939060756,0.130294939060756,11.3465714271429,1.96516933830445,49.025,2.05,4.123159826,0.03937619,NA
188,NA,"T",2013,0.3937619,NA,0.0136267568469741,0.136267568469741,11.4072857128571,1.96423131120958,51.075,2.05,4.82481169,0.03937619,NA
189,NA,"T",2013,0.3937619,NA,0.0142240197878727,0.142240197878727,11.4679999985714,1.96329328411471,53.4375,2.3625,6.791539624,0.03937619,NA
190,NA,"T",2013,0.3937619,NA,0.0148212827287712,0.148212827287712,11.5287142842857,1.96235525701984,55.8,2.3625,8.047423497,0.03937619,NA
191,1.75,"T",2013,0.3937619,NA,0.0154185456696698,0.154185456696698,11.58942857,1.96141722992497,58.1625,2.3625,10.93118795,0.03937619,NA
192,NA,"T",2013,0.3937619,NA,0.0155573155079828,0.155573155079828,11.6769999985714,1.96455359984959,60.525,2.3625,10.31806843,0.03937619,NA
193,NA,"T",2013,0.3937619,NA,0.0156960853462958,0.156960853462958,11.7645714271429,1.96768996977421,62.8875,2.3625,8.978650473,0.03937619,NA
194,NA,"T",2013,0.3937619,NA,0.0158348551846088,0.158348551846088,11.8521428557143,1.97082633969883,65.25,2.3625,9.718507404,0.03937619,NA
195,NA,"T",2013,0.3937619,NA,0.0159736250229218,0.159736250229218,11.9397142842857,1.97396270962346,67.6125,2.3625,10.75624896,0.03937619,NA
196,NA,"T",2013,0.3937619,NA,0.0161123948612349,0.161123948612349,12.0272857128571,1.97709907954808,70.2875,2.675,7.664970663,0.03937619,NA
197,NA,"T",2013,0.3937619,NA,0.0162511646995479,0.162511646995479,12.1148571414286,1.9802354494727,72.9625,2.675,6.493137938,0.03937619,NA
198,1.75,"T",2013,0.3937619,NA,0.0163899345378609,0.163899345378609,12.20242857,1.98337181939732,75.6375,2.675,5.54823757,0.03937619,NA
199,NA,"T",2013,0.3937619,NA,0.0180151535395653,0.180151535395653,12.30442857,2.0133363367019,78.3125,2.675,6.591494443,0.03937619,NA
200,NA,"T",2013,0.3937619,NA,0.0196403725412698,0.196403725412698,12.40642857,2.04330085400649,80.9875,2.675,8.49669211,0.03937619,NA
201,NA,"T",2013,0.3937619,NA,0.0212655915429742,0.212655915429742,12.50842857,2.07326537131107,83.6625,2.675,8.168243432,0.03937619,NA
202,NA,"T",2013,0.3937619,NA,0.0228908105446786,0.228908105446786,12.61042857,2.10322988861566,86.3375,2.675,11.72125726,0.03937619,NA
203,NA,"T",2013,0.3937619,NA,0.0245160295463831,0.245160295463831,12.71242857,2.13319440592024,89.6375,3.3,9.457046859,0.03937619,NA
204,NA,"T",2013,0.3937619,NA,0.0261412485480875,0.261412485480875,12.81442857,2.16315892322483,92.9375,3.3,12.33627267,0.03937619,NA
205,2.25,"T",2013,0.3937619,NA,0.0277664675497919,0.277664675497919,12.91642857,2.19312344052941,96.2375,3.3,13.50649676,0.03937619,NA
206,NA,"T",2013,0.3937619,NA,0.0272099539010293,0.272099539010293,12.8745714271429,2.20448197952912,99.5375,3.3,12.20557112,0.03937619,NA
207,NA,"T",2013,0.3937619,NA,0.0266534402522667,0.266534402522667,12.8327142842857,2.21584051852883,102.8375,3.3,13.50873736,0.03937619,NA
208,NA,"T",2013,0.3937619,NA,0.0260969266035041,0.260969266035041,12.7908571414286,2.22719905752854,106.1375,3.3,18.06214944,0.03937619,NA
209,NA,"T",2013,0.3937619,NA,0.0255404129547414,0.255404129547414,12.7489999985714,2.23855759652826,109.4375,3.3,18.24220159,0.03937619,NA
210,NA,"T",2013,0.3937619,NA,0.0249838993059788,0.249838993059788,12.7071428557143,2.24991613552797,113.3625,3.925,21.4884833,0.03937619,NA
211,NA,"T",2013,0.3937619,NA,0.0244273856572162,0.244273856572162,12.6652857128571,2.26127467452768,117.2875,3.925,23.26366884,0.03937619,NA
212,2.75,"T",2013,0.3937619,NA,0.0238708720084535,0.238708720084535,12.62342857,2.27263321352739,121.2125,3.925,20.73070159,0.03937619,NA
213,NA,"T",2013,0.3937619,NA,0.0237437640847814,0.237437640847814,12.5792857128571,2.26299766081844,125.1375,3.925,17.79006042,0.03937619,NA
214,NA,"T",2013,0.3937619,NA,0.0236166561611093,0.236166561611093,12.5351428557143,2.2533621081095,129.0625,3.925,22.24396697,0.03937619,NA
215,NA,"T",2013,0.3937619,NA,0.0234895482374372,0.234895482374372,12.4909999985714,2.24372655540055,132.9875,3.925,21.30383505,0.03937619,NA
216,NA,"T",2013,0.3937619,NA,0.0233624403137651,0.233624403137651,12.4468571414286,2.23409100269161,136.9125,3.925,18.53508796,0.03937619,NA
217,NA,"T",2013,0.3937619,NA,0.023235332390093,0.23235332390093,12.4027142842857,2.22445544998266,141.4625,4.55,21.81032509,0.03937619,NA
218,NA,"T",2013,0.3937619,NA,0.0231082244664209,0.231082244664209,12.3585714271429,2.21481989727372,146.0125,4.55,30.52274657,0.03937619,NA
219,2.25,"T",2013,0.3937619,NA,0.0229811165427488,0.229811165427488,12.31442857,2.20518434456477,150.5625,4.55,23.71810806,0.03937619,NA
220,NA,"T",2013,0.3937619,NA,0.0232812761323651,0.232812761323651,12.2912857128571,2.17743672291079,155.1125,4.55,22.85582256,0.03937619,NA
221,NA,"T",2013,0.3937619,NA,0.0235814357219814,0.235814357219814,12.2681428557143,2.14968910125682,159.6625,4.55,14.2959341,0.03937619,NA
222,NA,"T",2013,0.3937619,NA,0.0238815953115978,0.238815953115978,12.2449999985714,2.12194147960284,164.2125,4.55,14.50413736,0.03937619,NA
223,NA,"T",2013,0.3937619,NA,0.0241817549012141,0.241817549012141,12.2218571414286,2.09419385794886,168.7625,4.55,20.40041447,0.03937619,NA
224,NA,"T",2013,0.3937619,NA,0.0244819144908304,0.244819144908304,12.1987142842857,2.06644623629488,173.9375,5.175,22.38926113,0.03937619,NA
225,NA,"T",2013,0.3937619,NA,0.0247820740804467,0.247820740804467,12.1755714271429,2.03869861464091,179.1125,5.175,16.05646957,0.03937619,NA
226,2.75,"T",2013,0.3937619,NA,0.0250822336700631,0.250822336700631,12.15242857,2.01095099298693,184.2875,5.175,28.84620479,0.03937619,NA
227,NA,"T",2013,0.3937619,NA,0.0253550467388578,0.253550467388578,12.1792857128571,2.00840336956094,189.4625,5.175,16.57467966,0.03937619,NA
228,NA,"T",2013,0.3937619,NA,0.0256278598076526,0.256278598076526,12.2061428557143,2.00585574613496,194.6375,5.175,18.56323906,0.03937619,NA
229,NA,"T",2013,0.3937619,NA,0.0259006728764474,0.259006728764474,12.2329999985714,2.00330812270897,199.8125,5.175,21.27510944,0.03937619,NA
230,NA,"T",2013,0.3937619,NA,0.0261734859452421,0.261734859452421,12.2598571414286,2.00076049928299,204.9875,5.175,22.19806344,0.03937619,NA
231,NA,"T",2013,0.3937619,NA,0.0264462990140369,0.264462990140369,12.2867142842857,1.998212875857,210.7875,5.8,18.83343219,0.03937619,NA
232,NA,"T",2013,0.3937619,NA,0.0267191120828316,0.267191120828316,12.3135714271429,1.99566525243102,216.5875,5.8,22.25074622,0.03937619,NA
233,2.75,"T",2013,0.3937619,NA,0.0269919251516264,0.269919251516264,12.34042857,1.99311762900503,222.3875,5.8,21.64699125,0.03937619,NA
234,NA,"T",2013,0.3937619,NA,0.0263478796855714,0.263478796855714,12.34042857,2.01972135400691,228.1875,5.8,15.68108324,0.03937619,NA
235,NA,"T",2013,0.3937619,NA,0.0257038342195165,0.257038342195165,12.34042857,2.04632507900878,233.9875,5.8,15.31735951,0.03937619,NA
236,NA,"T",2013,0.3937619,NA,0.0250597887534615,0.250597887534615,12.34042857,2.07292880401066,239.7875,5.8,16.26944128,0.03937619,NA
237,NA,"T",2013,0.3937619,NA,0.0244157432874066,0.244157432874066,12.34042857,2.09953252901253,245.5875,5.8,15.93582199,0.03937619,NA
238,NA,"T",2013,0.3937619,NA,0.0237716978213516,0.237716978213516,12.34042857,2.12613625401441,245.8875,0.3,19.53157953,0.03937619,NA
239,NA,"T",2013,0.3937619,NA,0.0231276523552967,0.231276523552967,12.34042857,2.15273997901628,246.1875,0.3,15.12805771,0.03937619,NA
240,2.25,"T",2013,0.3937619,NA,0.0224836068892417,0.224836068892417,12.34042857,2.17934370401816,246.4875,0.3,10.08901038,0.03937619,NA
241,NA,"T",2013,0.3937619,NA,0.0224836068892417,0.224836068892417,12.34042857,2.17934370401816,246.7875,0.3,11.80812352,0.03937619,NA
242,NA,"T",2013,0.3937619,NA,0.0224836068892417,0.224836068892417,12.34042857,2.17934370401816,247.0875,0.3,14.60168954,0.03937619,NA
243,NA,"T",2013,0.3937619,NA,0.0224836068892417,0.224836068892417,12.34042857,2.17934370401816,247.3875,0.3,11.41291651,0.03937619,NA
244,NA,"T",2013,0.3937619,NA,0.0224836068892417,0.224836068892417,12.34042857,2.17934370401816,247.6875,0.3,13.36861381,0.03937619,NA
245,NA,"T",2013,0.3937619,NA,0.0224836068892417,0.224836068892417,12.34042857,2.17934370401816,247.9875,0.3,13.36861381,0.03937619,NA
150,NA,"T",2014,0.3937619,NA,0.00767488805214395,0.0767488805214395,9.69085714285714,1.72237032055145,0.3,0.3,3.852191103,0.03937619,NA
151,NA,"T",2014,0.3937619,NA,0.00790104289171756,0.0790104289171756,9.80228571428571,1.74261375926162,0.6,0.3,3.752484495,0.03937619,NA
152,NA,"T",2014,0.3937619,NA,0.00812719773129118,0.0812719773129118,9.91371428571429,1.76285719797178,0.9,0.3,4.601929646,0.03937619,NA
153,NA,"T",2014,0.3937619,NA,0.00835335257086479,0.0835335257086479,10.0251428571429,1.78310063668195,4.2,3.3,8.948344949,0.03937619,NA
154,NA,"T",2014,0.3937619,NA,0.0085795074104384,0.085795074104384,10.1365714285714,1.80334407539212,7.5,3.3,10.91369405,0.03937619,NA
155,1.75,"T",2014,0.3937619,NA,0.00880566225001202,0.0880566225001202,10.248,1.82358751410229,10.8,3.3,8.728680174,0.03937619,NA
156,NA,"T",2014,0.3937619,NA,0.00824504774247896,0.0824504774247896,10.3594285714286,1.78888624615627,14.1,3.3,10.32941505,0.03937619,NA
157,NA,"T",2014,0.3937619,NA,0.0076844332349459,0.076844332349459,10.4708571428571,1.75418497821025,17.4,3.3,8.896638843,0.03937619,NA
158,NA,"T",2014,0.3937619,NA,0.00712381872741285,0.0712381872741285,10.5822857142857,1.71948371026423,20.7,3.3,9.819937549,0.03937619,NA
159,NA,"T",2014,0.3937619,NA,0.00656320421987979,0.0656320421987979,10.6937142857143,1.6847824423182,24,3.3,12.06510287,0.03937619,NA
160,NA,"T",2014,0.3937619,NA,0.00600258971234674,0.0600258971234674,10.8051428571429,1.65008117437218,27.3,3.3,10.64887261,0.03937619,NA
161,NA,"T",2014,0.3937619,NA,0.00544197520481368,0.0544197520481368,10.9165714285714,1.61537990642616,30.6,3.3,7.455158774,0.03937619,NA
162,1.75,"T",2014,0.3937619,NA,0.00488136069728063,0.0488136069728063,11.028,1.58067863848014,33.9,3.3,9.533916604,0.03937619,NA
163,NA,"T",2014,0.3937619,NA,0.00513492788844117,0.0513492788844117,10.9051428571429,1.61567246081859,37.2,3.3,10.71936527,0.03937619,NA
164,NA,"T",2014,0.3937619,NA,0.00538849507960171,0.0538849507960171,10.7822857142857,1.65066628315703,40.5,3.3,11.49616334,0.03937619,NA
165,NA,"T",2014,0.3937619,NA,0.00564206227076225,0.0564206227076225,10.6594285714286,1.68566010549548,43.8,3.3,12.76753032,0.03937619,NA
166,NA,"T",2014,0.3937619,NA,0.0058956294619228,0.058956294619228,10.5365714285714,1.72065392783392,47.1,3.3,13.12180333,0.03937619,NA
167,NA,"T",2014,0.3937619,NA,0.00614919665308334,0.0614919665308334,10.4137142857143,1.75564775017237,50.4,3.3,12.01925678,0.03937619,NA
168,NA,"T",2014,0.3937619,NA,0.00640276384424388,0.0640276384424388,10.2908571428571,1.79064157251081,53.7,3.3,12.68773056,0.03937619,NA
169,2.25,"T",2014,0.3937619,NA,0.00665633103540442,0.0665633103540442,10.168,1.82563539484926,57,3.3,13.73684746,0.03937619,NA
170,NA,"T",2014,0.3937619,NA,0.00731845407954528,0.0731845407954528,10.8094285714286,1.80838793435696,60.3,3.3,14.83353398,0.03937619,NA
171,NA,"T",2014,0.3937619,NA,0.00798057712368615,0.0798057712368615,11.4508571428571,1.79114047386465,63.6,3.3,14.07129979,0.03937619,NA
172,NA,"T",2014,0.3937619,NA,0.00864270016782701,0.0864270016782701,12.0922857142857,1.77389301337235,66.9,3.3,16.88161285,0.03937619,NA
173,NA,"T",2014,0.3937619,NA,0.00930482321196787,0.0930482321196787,12.7337142857143,1.75664555288005,70.2,3.3,13.58827858,0.03937619,NA
174,NA,"T",2014,0.3937619,NA,0.00996694625610873,0.0996694625610873,13.3751428571429,1.73939809238775,73.5,3.3,13.49563848,0.03937619,NA
175,NA,"T",2014,0.3937619,NA,0.0106290693002496,0.106290693002496,14.0165714285714,1.72215063189544,76.8,3.3,14.49632399,0.03937619,NA
176,1.75,"T",2014,0.3937619,NA,0.0112911923443905,0.112911923443905,14.658,1.70490317140314,80.1,3.3,12.07940822,0.03937619,NA
177,NA,"T",2014,0.3937619,NA,0.0111347607273453,0.111347607273453,14.1722857142857,1.68147005683338,83.4,3.3,8.928351922,0.03937619,NA
178,NA,"T",2014,0.3937619,NA,0.0109783291103001,0.109783291103001,13.6865714285714,1.65803694226363,86.7,3.3,5.127953102,0.03937619,NA
179,NA,"T",2014,0.3937619,NA,0.0108218974932548,0.108218974932548,13.2008571428571,1.63460382769387,90,3.3,13.58767535,0.03937619,NA
180,NA,"T",2014,0.3937619,NA,0.0106654658762096,0.106654658762096,12.7151428571429,1.61117071312412,93.3,3.3,11.31631227,0.03937619,NA
181,NA,"T",2014,0.3937619,NA,0.0105090342591644,0.105090342591644,12.2294285714286,1.58773759855436,96.6,3.3,10.59475355,0.03937619,NA
182,NA,"T",2014,0.3937619,NA,0.0103526026421192,0.103526026421192,11.7437142857143,1.56430448398461,99.9,3.3,11.57139573,0.03937619,NA
183,1.75,"T",2014,0.3937619,NA,0.010196171025074,0.10196171025074,11.258,1.54087136941485,103.2,3.3,10.4393767,0.03937619,NA
184,NA,"T",2014,0.3937619,NA,0.0121014947931899,0.121014947931899,11.1351428571429,1.55622996599651,106.5,3.3,11.48203034,0.03937619,NA
185,NA,"T",2014,0.3937619,NA,0.0140068185613058,0.140068185613058,11.0122857142857,1.57158856257817,109.8,3.3,12.14481645,0.03937619,NA
186,NA,"T",2014,0.3937619,NA,0.0159121423294217,0.159121423294217,10.8894285714286,1.58694715915983,113.1,3.3,10.20850894,0.03937619,NA
187,NA,"T",2014,0.3937619,NA,0.0178174660975376,0.178174660975376,10.7665714285714,1.60230575574149,116.4,3.3,15.85990019,0.03937619,NA
188,NA,"T",2014,0.3937619,NA,0.0197227898656535,0.197227898656535,10.6437142857143,1.61766435232315,119.7,3.3,16.34610994,0.03937619,NA
189,NA,"T",2014,0.3937619,NA,0.0216281136337694,0.216281136337694,10.5208571428571,1.63302294890481,123,3.3,9.626384358,0.03937619,NA
190,2.25,"T",2014,0.3937619,NA,0.0235334374018853,0.235334374018853,10.398,1.64838154548647,126.3,3.3,19.81326291,0.03937619,NA
191,NA,"T",2014,0.3937619,NA,0.0242768011739839,0.242768011739839,10.2751428571429,1.6695916042469,129.6,3.3,9.927661547,0.03937619,NA
192,NA,"T",2014,0.3937619,NA,0.0250201649460826,0.250201649460826,10.1522857142857,1.69080166300733,132.9,3.3,11.50536613,0.03937619,NA
193,NA,"T",2014,0.3937619,NA,0.0257635287181812,0.257635287181812,10.0294285714286,1.71201172176776,136.2,3.3,10.88064833,0.03937619,NA
194,NA,"T",2014,0.3937619,NA,0.0265068924902798,0.265068924902798,9.90657142857143,1.73322178052819,139.5,3.3,10.95013853,0.03937619,NA
195,NA,"T",2014,0.3937619,NA,0.0272502562623785,0.272502562623785,9.78371428571429,1.75443183928862,142.8,3.3,10.83462595,0.03937619,NA
196,NA,"T",2014,0.3937619,NA,0.0279936200344771,0.279936200344771,9.66085714285714,1.77564189804905,146.1,3.3,11.86941031,0.03937619,NA
197,2.25,"T",2014,0.3937619,NA,0.0287369838065757,0.287369838065757,9.538,1.79685195680948,149.4,3.3,10.88039286,0.03937619,NA
198,NA,"T",2014,0.3937619,NA,0.0301897525813034,0.301897525813034,9.69514285714286,1.79698048849922,152.7,3.3,13.83776055,0.03937619,NA
199,NA,"T",2014,0.3937619,NA,0.0316425213560311,0.316425213560311,9.85228571428572,1.79710902018895,156,3.3,11.80665851,0.03937619,NA
200,NA,"T",2014,0.3937619,NA,0.0330952901307587,0.330952901307587,10.0094285714286,1.79723755187869,159.3,3.3,12.37206478,0.03937619,NA
201,NA,"T",2014,0.3937619,NA,0.0345480589054864,0.345480589054864,10.1665714285714,1.79736608356843,162.6,3.3,8.473510539,0.03937619,NA
202,NA,"T",2014,0.3937619,NA,0.0360008276802141,0.360008276802141,10.3237142857143,1.79749461525817,165.9,3.3,11.73442231,0.03937619,NA
203,NA,"T",2014,0.3937619,NA,0.0374535964549417,0.374535964549417,10.4808571428571,1.7976231469479,169.2,3.3,6.581153222,0.03937619,NA
204,2.75,"T",2014,0.3937619,NA,0.0389063652296694,0.389063652296694,10.638,1.79775167863764,172.5,3.3,7.654141106,0.03937619,NA
205,NA,"T",2014,0.3937619,NA,0.0400231679693616,0.400231679693616,10.5522857142857,1.80401804521853,175.8,3.3,16.43487209,0.03937619,NA
206,NA,"T",2014,0.3937619,NA,0.0411399707090538,0.411399707090538,10.4665714285714,1.81028441179942,179.1,3.3,14.51097405,0.03937619,NA
207,NA,"T",2014,0.3937619,NA,0.042256773448746,0.42256773448746,10.3808571428571,1.81655077838031,182.4,3.3,14.14997925,0.03937619,NA
208,NA,"T",2014,0.3937619,NA,0.0433735761884382,0.433735761884382,10.2951428571429,1.82281714496119,185.7,3.3,13.76476876,0.03937619,NA
209,NA,"T",2014,0.3937619,NA,0.0444903789281304,0.444903789281304,10.2094285714286,1.82908351154208,189,3.3,15.83189272,0.03937619,NA
210,NA,"T",2014,0.3937619,NA,0.0456071816678226,0.456071816678226,10.1237142857143,1.83534987812297,192.3,3.3,13.01701228,0.03937619,NA
211,2.25,"T",2014,0.3937619,NA,0.0467239844075148,0.467239844075148,10.038,1.84161624470386,195.6,3.3,9.670593079,0.03937619,NA
212,NA,"T",2014,0.3937619,NA,0.0491748534609941,0.491748534609941,10.0694285714286,1.83362712414001,198.9,3.3,9.22083613,0.03937619,NA
213,NA,"T",2014,0.3937619,NA,0.0516257225144735,0.516257225144735,10.1008571428571,1.82563800357616,202.2,3.3,9.882588115,0.03937619,NA
214,NA,"T",2014,0.3937619,NA,0.0540765915679528,0.540765915679528,10.1322857142857,1.81764888301231,205.5,3.3,9.073904611,0.03937619,NA
215,NA,"T",2014,0.3937619,NA,0.0565274606214322,0.565274606214322,10.1637142857143,1.80965976244845,208.8,3.3,8.315893091,0.03937619,NA
216,NA,"T",2014,0.3937619,NA,0.0589783296749116,0.589783296749116,10.1951428571429,1.8016706418846,212.1,3.3,7.758845972,0.03937619,NA
217,NA,"T",2014,0.3937619,NA,0.0614291987283909,0.614291987283909,10.2265714285714,1.79368152132075,215.4,3.3,10.49961432,0.03937619,NA
218,2.25,"T",2014,0.3937619,NA,0.0638800677818703,0.638800677818703,10.258,1.7856924007569,218.7,3.3,10.44359937,0.03937619,NA
219,NA,"T",2014,0.3937619,NA,0.0697283297524788,0.697283297524788,10.218,1.78380264046409,222,3.3,11.33811501,0.03937619,NA
220,NA,"T",2014,0.3937619,NA,0.0755765917230873,0.755765917230873,10.178,1.78191288017129,225.3,3.3,11.07070826,0.03937619,NA
221,NA,"T",2014,0.3937619,NA,0.0814248536936958,0.814248536936958,10.138,1.78002311987848,228.6,3.3,11.07923977,0.03937619,NA
222,NA,"T",2014,0.3937619,NA,0.0872731156643043,0.872731156643043,10.098,1.77813335958568,231.9,3.3,12.06044932,0.03937619,NA
223,NA,"T",2014,0.3937619,NA,0.0931213776349128,0.931213776349128,10.058,1.77624359929287,235.2,3.3,15.86624108,0.03937619,NA
224,NA,"T",2014,0.3937619,NA,0.0989696396055213,0.989696396055213,10.018,1.77435383900007,238.5,3.3,18.08747423,0.03937619,NA
225,2.25,"T",2014,0.3937619,NA,0.10481790157613,1.0481790157613,9.978,1.77246407870726,241.8,3.3,11.65205725,0.03937619,NA
226,NA,"T",2014,0.3937619,NA,0.100195054351585,1.00195054351585,9.838,1.76442855400099,245.1,3.3,12.28175145,0.03937619,NA
227,NA,"T",2014,0.3937619,NA,0.0955722071270412,0.955722071270412,9.698,1.75639302929472,248.4,3.3,9.76176818,0.03937619,NA
228,NA,"T",2014,0.3937619,NA,0.0909493599024968,0.909493599024968,9.558,1.74835750458845,251.7,3.3,11.03658223,0.03937619,NA
229,NA,"T",2014,0.3937619,NA,0.0863265126779525,0.863265126779525,9.418,1.74032197988219,255,3.3,12.03649215,0.03937619,NA
230,NA,"T",2014,0.3937619,NA,0.0817036654534082,0.817036654534082,9.278,1.73228645517592,258.3,3.3,13.0340753,0.03937619,NA
231,NA,"T",2014,0.3937619,NA,0.0770808182288638,0.770808182288638,9.138,1.72425093046965,261.6,3.3,19.53672314,0.03937619,NA
232,2.75,"T",2014,0.3937619,NA,0.0724579710043195,0.724579710043195,8.998,1.71621540576338,264.9,3.3,15.4638926,0.03937619,NA
233,NA,"T",2014,0.3937619,NA,0.0757793787816978,0.757793787816978,8.99514285714286,1.72820963633487,268.2,3.3,11.69040595,0.03937619,NA
234,NA,"T",2014,0.3937619,NA,0.0791007865590761,0.791007865590761,8.99228571428571,1.74020386690637,271.5,3.3,17.89229488,0.03937619,NA
235,NA,"T",2014,0.3937619,NA,0.0824221943364543,0.824221943364543,8.98942857142857,1.75219809747786,274.8,3.3,20.37780741,0.03937619,NA
236,NA,"T",2014,0.3937619,NA,0.0857436021138326,0.857436021138326,8.98657142857143,1.76419232804936,278.1,3.3,18.26837063,0.03937619,NA
237,NA,"T",2014,0.3937619,NA,0.0890650098912109,0.890650098912109,8.98371428571429,1.77618655862085,281.4,3.3,16.12067132,0.03937619,NA
238,NA,"T",2014,0.3937619,NA,0.0923864176685891,0.923864176685891,8.98085714285714,1.78818078919235,284.7,3.3,16.18978515,0.03937619,NA
239,2.75,"T",2014,0.3937619,NA,0.0957078254459674,0.957078254459674,8.978,1.80017501976384,288,3.3,16.0284621,0.03937619,NA
240,NA,"T",2014,0.3937619,NA,0.0957078254459674,0.957078254459674,8.978,1.80017501976384,291.3,3.3,16.39712664,0.03937619,NA
241,NA,"T",2014,0.3937619,NA,0.0957078254459674,0.957078254459674,8.978,1.80017501976384,294.6,3.3,16.39479986,0.03937619,NA
242,NA,"T",2014,0.3937619,NA,0.0957078254459674,0.957078254459674,8.978,1.80017501976384,294.9,0.3,16.39479986,0.03937619,NA
243,NA,"T",2014,0.3937619,NA,0.0957078254459674,0.957078254459674,8.978,1.80017501976384,295.2,0.3,16.39479986,0.03937619,NA
244,NA,"T",2014,0.3937619,NA,0.0957078254459674,0.957078254459674,8.978,1.80017501976384,295.5,0.3,16.39479986,0.03937619,NA
245,NA,"T",2014,0.3937619,NA,0.0957078254459674,0.957078254459674,8.978,1.80017501976384,295.8,0.3,16.39479986,0.03937619,NA
150,NA,"T",2015,NA,NA,0.0110347427,0.110347427,10.0480952401429,1.74591631448068,0.3,0.3,6.236508674,NA,NA
151,NA,"T",2015,NA,NA,0.00789408515,0.0789408515,9.87523809685714,1.75005970216409,0.6,0.3,5.54131285,NA,NA
152,NA,"T",2015,NA,NA,0.0047534276,0.047534276,9.70238095357143,1.75420308984749,3.9,3.3,5.020424281,NA,NA
153,NA,"T",2015,NA,NA,0.0033953055,0.033953055,9.52952381028572,1.7583464775309,7.2,3.3,5.951079567,NA,NA
154,2.25,"T",2015,NA,NA,0.0054324887,0.054324887,9.356666667,1.7624898652143,10.5,3.3,7.580831281,NA,NA
155,NA,"T",2015,NA,NA,0.0296806285,0.296806285,9.36238095271429,1.73176434844256,13.8,3.3,9.67312047,NA,NA
156,2.25,"T",2015,NA,NA,0.0050788111,0.050788111,9.36809523842857,1.70103883167082,17.1,3.3,9.677884399,NA,NA
157,NA,"T",2015,NA,NA,0.0325949323,0.325949323,9.37380952414286,1.67031331489908,20.4,3.3,9.865551299,NA,NA
158,NA,"T",2015,NA,NA,0.0712023848,0.712023848,9.37952380985714,1.63958779812734,23.7,3.3,11.39033314,NA,NA
159,NA,"T",2015,NA,NA,0.0557254507,0.557254507,9.38523809557143,1.6088622813556,27,3.3,12.21112637,NA,NA
160,NA,"T",2015,NA,NA,0.0153920514,0.153920514,9.39095238128571,1.57813676458386,30.3,3.3,12.02070996,NA,NA
161,1.75,"T",2015,NA,NA,0.0033811583,0.033811583,9.396666667,1.54741124781212,33.6,3.3,11.24073286,NA,NA
162,NA,"T",2015,NA,NA,0.0761255777,0.761255777,9.925238096,1.55770125148674,36.9,3.3,9.818292059,NA,NA
163,NA,"T",2015,NA,NA,0.0380840095,0.380840095,10.453809525,1.56799125516137,40.2,3.3,9.861223725,NA,NA
164,NA,"T",2015,NA,NA,0.0619501774,0.619501774,10.982380954,1.57828125883599,43.5,3.3,10.13140466,NA,NA
165,2.25,"T",2015,NA,NA,0.0243754637,0.243754637,11.510952383,1.58857126251062,46.8,3.3,11.36796957,NA,NA
166,NA,"T",2015,NA,NA,0.0857314627,0.857314627,12.039523812,1.59886126618524,50.1,3.3,12.1472794,NA,NA
167,NA,"T",2015,NA,NA,0.0369805352,0.369805352,12.568095241,1.60915126985987,53.4,3.3,11.96761233,NA,NA
168,1.75,"T",2015,NA,NA,0.0463317723,0.463317723,13.09666667,1.61944127353449,56.7,3.3,13.39538346,NA,NA
169,NA,"T",2015,NA,NA,0.0284922716,0.284922716,12.6123809552857,1.60430411568743,60,3.3,12.31364625,NA,NA
170,NA,"T",2015,NA,NA,0.0197635072,0.197635072,12.1280952405714,1.58916695784037,63.3,3.3,11.90653832,NA,NA
171,NA,"T",2015,NA,NA,0.0788276749,0.788276749,11.6438095258571,1.57402979999331,66.6,3.3,12.09163714,NA,NA
172,NA,"T",2015,NA,NA,0.0584416951,0.584416951,11.1595238111429,1.55889264214625,69.9,3.3,13.97828443,NA,NA
173,NA,"T",2015,NA,NA,0.1119319031,1.119319031,10.6752380964286,1.54375548429919,73.2,3.3,13.98414942,NA,NA
174,NA,"T",2015,NA,NA,0.0176555884,0.176555884,10.1909523817143,1.52861832645213,76.5,3.3,14.57260257,NA,NA
175,2.25,"T",2015,NA,NA,0.0153637572,0.153637572,9.706666667,1.51348116860507,79.8,3.3,8.857999066,NA,NA
176,NA,"T",2015,NA,NA,0.0641429788,0.641429788,9.65952380985714,1.49024231071989,83.1,3.3,14.63678268,NA,NA
177,NA,"T",2015,NA,NA,0.0098180916,0.098180916,9.61238095271429,1.46700345283471,86.4,3.3,8.820541383,NA,NA
178,NA,"T",2015,NA,NA,0.0114450088,0.114450088,9.56523809557143,1.44376459494953,89.7,3.3,7.177877326,NA,NA
179,NA,"T",2015,NA,NA,0.0161984364,0.161984364,9.51809523842857,1.42052573706436,93,3.3,7.187261297,NA,NA
180,NA,"T",2015,NA,NA,0.0164955257,0.164955257,9.47095238128571,1.39728687917918,96.3,3.3,10.56431069,NA,NA
181,NA,"T",2015,NA,NA,0.0320573423,0.320573423,9.42380952414286,1.374048021294,99.6,3.3,11.42691733,NA,NA
182,2.25,"T",2015,NA,NA,0.0124636004,0.124636004,9.376666667,1.35080916340882,102.9,3.3,10.44295405,NA,NA
183,NA,"T",2015,NA,NA,0.0122655409,0.122655409,9.30238095271429,1.4015957890795,106.2,3.3,8.448224529,NA,NA
184,NA,"T",2015,NA,NA,0.0162267306,0.162267306,9.22809523842857,1.45238241475018,109.5,3.3,12.2018988,NA,NA
185,NA,"T",2015,NA,NA,0.0295674516,0.295674516,9.15380952414286,1.50316904042086,112.8,3.3,7.403170821,NA,NA
186,NA,"T",2015,NA,NA,0.0444360601,0.444360601,9.07952380985714,1.55395566609155,116.1,3.3,6.980579344,NA,NA
187,NA,"T",2015,NA,NA,0.0367400344,0.367400344,9.00523809557143,1.60474229176223,119.4,3.3,11.74583782,NA,NA
188,NA,"T",2015,NA,NA,0.0178395007,0.178395007,8.93095238128572,1.65552891743291,122.7,3.3,10.78624863,NA,NA
189,2.75,"T",2015,NA,NA,0.0153071687,0.153071687,8.856666667,1.70631554310359,126,3.3,8.506897023,NA,NA
190,NA,"T",2015,NA,NA,0.0144159011,0.144159011,8.92809523842857,1.69151702199825,129.3,3.3,8.079141234,NA,NA
191,NA,"T",2015,NA,NA,0.0188439453,0.188439453,8.99952380985714,1.67671850089292,132.6,3.3,7.026181531,NA,NA
192,NA,"T",2015,NA,NA,0.0083609397,0.083609397,9.07095238128571,1.66191997978758,135.9,3.3,8.317419016,NA,NA
193,NA,"T",2015,NA,NA,0.0178395007,0.178395007,9.14238095271429,1.64712145868224,139.2,3.3,8.658276891,NA,NA
194,NA,"T",2015,NA,NA,0.0249837893,0.249837893,9.21380952414286,1.6323229375769,142.5,3.3,8.053636384,NA,NA
195,NA,"T",2015,NA,NA,0.016806762,0.16806762,9.28523809557143,1.61752441647157,145.8,3.3,9.189018629,NA,NA
196,2.25,"T",2015,NA,NA,0.0098039445,0.098039445,9.356666667,1.60272589536623,149.1,3.3,7.827404493,NA,NA
197,NA,"T",2015,NA,NA,0.0123079823,0.123079823,9.33238095271429,1.60651954260168,152.4,3.3,7.664983601,NA,NA
198,NA,"T",2015,NA,NA,0.0154627869,0.154627869,9.30809523842857,1.61031318983714,155.7,3.3,7.546432772,NA,NA
199,NA,"T",2015,NA,NA,0.022677811,0.22677811,9.28380952414286,1.61410683707259,159,3.3,7.646528459,NA,NA
200,NA,"T",2015,NA,NA,0.0107093593,0.107093593,9.25952380985714,1.61790048430804,162.3,3.3,7.707680667,NA,NA
201,NA,"T",2015,NA,NA,0.0088702355,0.088702355,9.23523809557143,1.62169413154349,165.6,3.3,7.59820101,NA,NA
202,NA,"T",2015,NA,NA,0.0111337725,0.111337725,9.21095238128571,1.62548777877895,168.9,3.3,7.478320786,NA,NA
203,2.25,"T",2015,NA,NA,0.0154203456,0.154203456,9.186666667,1.6292814260144,172.2,3.3,7.421078565,NA,NA
204,NA,"T",2015,NA,NA,0.0104264172,0.104264172,9.19523809557143,1.65560423706148,175.5,3.3,7.14591865,NA,NA
205,NA,"T",2015,NA,NA,0.0149251969,0.149251969,9.20380952414286,1.68192704810856,178.8,3.3,7.888713101,NA,NA
206,NA,"T",2015,NA,NA,0.0088985297,0.088985297,9.21238095271429,1.70824985915564,182.1,3.3,8.181883983,NA,NA
207,NA,"T",2015,NA,NA,0.0158872001,0.158872001,9.22095238128571,1.73457267020273,185.4,3.3,6.868910094,NA,NA
208,NA,"T",2015,NA,NA,0.016537967,0.16537967,9.22952380985714,1.76089548124981,188.7,3.3,6.456321147,NA,NA
209,NA,"T",2015,NA,NA,0.0162550249,0.162550249,9.23809523842857,1.78721829229689,192,3.3,5.681525011,NA,NA
210,2.75,"T",2015,NA,NA,0.0244320522,0.244320522,9.246666667,1.81354110334397,195.3,3.3,6.431226064,NA,NA
211,NA,"T",2015,NA,NA,0.0207962459,0.207962459,9.25523809557143,1.8030873966698,198.6,3.3,5.086112076,NA,NA
212,NA,"T",2015,NA,NA,0.0176980297,0.176980297,9.26380952414286,1.79263368999563,201.9,3.3,5.00806872,NA,NA
213,NA,"T",2015,NA,NA,0.0241349629,0.241349629,9.27238095271429,1.78217998332146,205.2,3.3,6.381021821,NA,NA
214,NA,"T",2015,NA,NA,0.0275868568,0.275868568,9.28095238128572,1.77172627664729,208.5,3.3,9.005224963,NA,NA
215,NA,"T",2015,NA,NA,0.0452282981,0.452282981,9.28952380985714,1.76127256997312,211.8,3.3,7.635659475,NA,NA
216,NA,"T",2015,NA,NA,0.0338115835,0.338115835,9.29809523842857,1.75081886329895,215.1,3.3,11.2013298,NA,NA
217,2.75,"T",2015,NA,NA,0.0424413182,0.424413182,9.306666667,1.74036515662478,218.4,3.3,8.205422109,NA,NA
218,NA,"T",2015,NA,NA,0.0674392546,0.674392546,9.34380952414286,1.73640574875168,221.7,3.3,11.3075282,NA,NA
219,NA,"T",2015,NA,NA,0.0347735867,0.347735867,9.38095238128571,1.73244634087857,225,3.3,11.29626743,NA,NA
220,NA,"T",2015,NA,NA,0.0347311454,0.347311454,9.41809523842857,1.72848693300547,228.3,3.3,14.13890673,NA,NA
221,NA,"T",2015,NA,NA,0.0430354966,0.430354966,9.45523809557143,1.72452752513236,231.6,3.3,16.73818839,NA,NA
222,NA,"T",2015,NA,NA,0.0432618503,0.432618503,9.49238095271429,1.72056811725926,234.9,3.3,14.5883911,NA,NA
223,NA,"T",2015,NA,NA,0.0760124008,0.760124008,9.52952380985714,1.71660870938615,238.2,3.3,20.06626206,NA,NA
224,2.75,"T",2015,NA,NA,0.0394704259,0.394704259,9.566666667,1.71264930151305,241.5,3.3,14.55735362,NA,NA
225,NA,"T",2015,NA,NA,0.0631526814,0.631526814,9.54952380985714,1.74305135749363,244.8,3.3,18.15768208,NA,NA
226,NA,"T",2015,NA,NA,0.05269797,0.5269797,9.53238095271429,1.7734534134742,248.1,3.3,29.22098071,NA,NA
227,NA,"T",2015,NA,NA,0.0488641043,0.488641043,9.51523809557143,1.80385546945478,251.4,3.3,26.63319441,NA,NA
228,NA,"T",2015,NA,NA,0.0272897676,0.272897676,9.49809523842857,1.83425752543535,254.7,3.3,29.75492864,NA,NA
229,NA,"T",2015,NA,NA,0.0353253238,0.353253238,9.48095238128571,1.86465958141593,258,3.3,27.59997799,NA,NA
230,NA,"T",2015,NA,NA,0.0422008174,0.422008174,9.46380952414286,1.8950616373965,261.3,3.3,26.76890931,NA,NA
231,2.75,"T",2015,NA,NA,0.0972047657,0.972047657,9.446666667,1.92546369337708,264.6,3.3,33.21135782,NA,NA
232,NA,"T",2015,NA,NA,0.0444785014,0.444785014,9.48238095271429,1.93315760197908,267.9,3.3,34.64272613,NA,NA
233,NA,"T",2015,NA,NA,0.0441814122,0.441814122,9.51809523842857,1.94085151058109,271.2,3.3,34.39514571,NA,NA
234,NA,"T",2015,NA,NA,0.0611296453,0.611296453,9.55380952414286,1.94854541918309,274.5,3.3,55.92823029,NA,NA
235,NA,"T",2015,NA,NA,0.0514813189,0.514813189,9.58952380985714,1.9562393277851,277.8,3.3,58.19516299,NA,NA
236,NA,"T",2015,NA,NA,0.058427548,0.58427548,9.62523809557143,1.9639332363871,281.1,3.3,47.11277189,NA,NA
237,NA,"T",2015,NA,NA,0.0459780947,0.459780947,9.66095238128571,1.97162714498911,284.4,3.3,49.84702633,NA,NA
238,3.25,"T",2015,NA,NA,0.0528677353,0.528677353,9.696666667,1.97932105359111,287.7,3.3,67.74053791,NA,NA
239,NA,"T",2015,NA,NA,0.0648503341,0.648503341,9.696666667,1.97932105359111,291,3.3,50.54323875,NA,NA
240,NA,"T",2015,NA,NA,0.0641429788,0.641429788,9.696666667,1.97932105359111,294.3,3.3,74.65910484,NA,NA
241,NA,"T",2015,NA,NA,0.0736639812,0.736639812,9.696666667,1.97932105359111,294.6,0.3,65.50128792,NA,NA
242,NA,"T",2015,NA,NA,0.0686559057,0.686559057,9.696666667,1.97932105359111,294.9,0.3,56.594414,NA,NA
243,NA,"T",2015,NA,NA,0.0996805092,0.996805092,9.696666667,1.97932105359111,295.2,0.3,44.21734776,NA,NA
244,NA,"T",2015,NA,NA,0.0583285183,0.583285183,9.696666667,1.97932105359111,295.5,0.3,57.16832201,NA,NA
245,NA,"T",2015,NA,NA,0.0500949025,0.500949025,9.696666667,1.97932105359111,295.8,0.3,64.93903168,NA,NA
150,2.25,"T",2024,NA,NA,0.02631361725786,0.2631361725786,8.501,1.19025436178369,0.3,0.3,8.331586634,NA,NA
151,NA,"T",2024,NA,NA,0.0294259805894349,0.294259805894349,8.45828571428571,1.18208752028492,0.6,0.3,7.116819389,NA,NA
152,NA,"T",2024,NA,NA,0.0308878482148716,0.308878482148716,8.41557142857143,1.17392067878616,0.9,0.3,5.91723704,NA,NA
153,NA,"T",2024,NA,NA,0.0300626003618024,0.300626003618024,8.37285714285714,1.16575383728739,1.2,0.3,6.950847726,NA,NA
154,NA,"T",2024,NA,NA,0.0167407421622586,0.167407421622586,8.33014285714286,1.15758699578863,1.5,0.3,5.512197958,NA,NA
155,NA,"T",2024,NA,NA,0.0239086092289158,0.239086092289158,8.28742857142857,1.14942015428986,1.8,0.3,6.49051494,NA,NA
156,NA,"T",2024,NA,NA,0.033953054526271,0.33953054526271,8.24471428571428,1.1412533127911,2.1,0.3,5.286757854,NA,NA
157,2.25,"T",2024,NA,NA,0.0248517496324234,0.248517496324234,8.202,1.13308647129233,2.4,0.3,10.097453,NA,NA
158,NA,"T",2024,NA,NA,0.0183912378683968,0.183912378683968,8.15928571428571,1.1424617919549,2.7,0.3,9.589200863,NA,NA
159,NA,"T",2024,NA,NA,0.0286243112464535,0.286243112464535,8.11657142857143,1.15183711261748,3,0.3,10.60264135,NA,NA
160,NA,"T",2024,NA,NA,0.0296617656903117,0.296617656903117,8.07385714285714,1.16121243328005,3.3,0.3,7.934365932,NA,NA
161,NA,"T",2024,NA,NA,0.0399891531087192,0.399891531087192,8.03114285714286,1.17058775394263,3.6,0.3,8.901835565,NA,NA
162,NA,"T",2024,NA,NA,0.0359336493736368,0.359336493736368,7.98842857142857,1.1799630746052,6.9,3.3,5.938316192,NA,NA
163,NA,"T",2024,NA,NA,0.0349905089701293,0.349905089701293,7.94571428571428,1.18933839526778,10.2,3.3,9.567585394,NA,NA
164,2.75,"T",2024,NA,NA,0.0323968728604836,0.323968728604836,7.903,1.19871371593035,13.5,3.3,10.31992421,NA,NA
165,NA,"T",2024,NA,NA,0.0265965593789123,0.265965593789123,7.89285714285714,1.24997090963798,16.8,3.3,16.36470445,NA,NA
166,NA,"T",2024,NA,NA,0.0437145577025739,0.437145577025739,7.88271428571429,1.3012281033456,20.1,3.3,14.8848715,NA,NA
167,NA,"T",2024,NA,NA,0.0305577490736439,0.305577490736439,7.87257142857143,1.35248529705323,23.4,3.3,14.83977216,NA,NA
168,NA,"T",2024,NA,NA,0.0478172184578317,0.478172184578317,7.86242857142857,1.40374249076085,26.7,3.3,19.74907031,NA,NA
169,NA,"T",2024,NA,NA,0.0495054397801101,0.495054397801101,7.85228571428571,1.45499968446848,30,3.3,21.55696177,NA,NA
170,NA,"T",2024,NA,NA,0.0319229448077211,0.319229448077211,7.84214285714286,1.5062568781761,33.3,3.3,18.5131917,NA,NA
171,3.25,"T",2024,NA,NA,0.0315952035175022,0.315952035175022,7.832,1.55751407188373,36.6,3.3,24.28846507,NA,NA
172,NA,"T",2024,NA,NA,0.0611060667432527,0.611060667432527,7.82185714285714,1.5265115295306,39.9,3.3,20.21108169,NA,NA
173,NA,"T",2024,NA,NA,0.043478772601697,0.43478772601697,7.81171428571429,1.49550898717748,43.2,3.3,23.67143298,NA,NA
174,NA,"T",2024,NA,NA,0.0589934322393959,0.589934322393959,7.80157142857143,1.46450644482435,46.5,3.3,23.88076095,NA,NA
175,NA,"T",2024,NA,NA,0.0680947371332435,0.680947371332435,7.79142857142857,1.43350390247122,49.8,3.3,17.54529719,NA,NA
176,NA,"T",2024,NA,NA,0.0391403267455624,0.391403267455624,7.78128571428571,1.40250136011809,53.1,3.3,19.58060077,NA,NA
177,NA,"T",2024,NA,NA,0.0451764253280106,0.451764253280106,7.77114285714286,1.37149881776497,56.4,3.3,20.29626285,NA,NA
178,2.75,"T",2024,NA,NA,0.0438088717429247,0.438088717429247,7.761,1.34049627541184,59.7,3.3,18.01913192,NA,NA
179,NA,"T",2024,NA,NA,0.0338587404859203,0.338587404859203,7.77657142857143,1.34732221278816,63,3.3,18.41193584,NA,NA
180,NA,"T",2024,NA,NA,0.0645108035999149,0.645108035999149,7.79214285714286,1.35414815016447,66.3,3.3,20.91399146,NA,NA
181,NA,"T",2024,NA,NA,0.042347004117488,0.42347004117488,7.80771428571429,1.36097408754079,69.6,3.3,16.9657968,NA,NA
182,NA,"T",2024,NA,NA,0.0448934832069583,0.448934832069583,7.82328571428571,1.36780002491711,72.9,3.3,24.92530779,NA,NA
183,NA,"T",2024,NA,NA,0.0337078380213591,0.33707838021359,7.83885714285714,1.37462596229343,76.2,3.3,16.0052157,NA,NA
184,NA,"T",2024,NA,NA,0.0348018808894278,0.348018808894278,7.85442857142857,1.38145189966974,79.5,3.3,24.88769599,NA,NA
185,3.25,"T",2024,NA,NA,0.0520141932534402,0.520141932534402,7.87,1.38827783704606,82.8,3.3,19.20286246,NA,NA
186,NA,"T",2024,NA,NA,0.0547964574437874,0.547964574437874,7.84657142857143,1.38163610465113,86.1,3.3,19.73339002,NA,NA
187,NA,"T",2024,NA,NA,0.0508352677490557,0.508352677490557,7.82314285714286,1.37499437225619,89.4,3.3,29.20153311,NA,NA
188,NA,"T",2024,NA,NA,0.0496563422446713,0.496563422446713,7.79971428571429,1.36835263986126,92.7,3.3,12.16419813,NA,NA
189,NA,"T",2024,NA,NA,0.0470627061350256,0.470627061350256,7.77628571428571,1.36171090746633,96,3.3,14.79441162,NA,NA
190,NA,"T",2024,NA,NA,0.0781391824305987,0.781391824305987,7.75285714285714,1.3550691750714,99.3,3.3,26.42333719,NA,NA
191,NA,"T",2024,NA,NA,0.0524857634551939,0.524857634551939,7.72942857142857,1.34842744267646,102.6,3.3,23.76117021,NA,NA
192,2.75,"T",2024,NA,NA,0.0528677353186145,0.528677353186145,7.706,1.34178571028153,105.9,3.3,15.10910663,NA,NA
193,NA,"T",2024,NA,NA,0.0431439577584519,0.431439577584519,7.69185714285714,1.3238415697552,109.2,3.3,14.88834449,NA,NA
194,NA,"T",2024,NA,NA,0.029444843397505,0.29444843397505,7.67771428571429,1.30589742922888,112.5,3.3,17.84198293,NA,NA
195,NA,"T",2024,NA,NA,0.0307369457503103,0.307369457503103,7.66357142857143,1.28795328870255,115.8,3.3,16.40902021,NA,NA
196,NA,"T",2024,NA,NA,0.0320290481031157,0.320290481031157,7.64942857142857,1.27000914817623,119.1,3.3,17.83959737,NA,NA
197,NA,"T",2024,NA,NA,0.033321150455921,0.33321150455921,7.63528571428571,1.2520650076499,122.4,3.3,16.4155274,NA,NA
198,NA,"T",2024,NA,NA,0.0346132528087263,0.346132528087263,7.62114285714286,1.23412086712358,125.7,3.3,19.58208086,NA,NA
199,2.25,"T",2024,NA,NA,0.0313122613964499,0.313122613964499,7.607,1.21617672659725,129,3.3,23.3476145,NA,NA
200,NA,"T",2024,NA,NA,0.0346604098289016,0.346604098289016,7.66057142857143,1.24698411587108,132.3,3.3,24.76180092,NA,NA
201,NA,"T",2024,NA,NA,0.0364052195753906,0.364052195753906,7.71414285714286,1.2777915051449,135.6,3.3,19.32236787,NA,NA
202,NA,"T",2024,NA,NA,0.0268323444797892,0.268323444797892,7.76771428571429,1.30859889441873,138.9,3.3,14.60469838,NA,NA
203,NA,"T",2024,NA,NA,0.0227768407447068,0.227768407447068,7.82128571428571,1.33940628369256,142.2,3.3,14.60130287,NA,NA
204,NA,"T",2024,NA,NA,0.0302748069525916,0.302748069525916,7.87485714285714,1.37021367296639,145.5,3.3,14.71796911,NA,NA
205,NA,"T",2024,NA,NA,0.0257948900359309,0.257948900359309,7.92842857142857,1.40102106224021,148.8,3.3,21.70654618,NA,NA
206,NA,"T",2024,NA,NA,0.0407908224517006,0.407908224517006,7.982,1.43182845151404,152.1,3.3,18.6956786,NA,NA
207,2.75,"T",2024,NA,NA,0.0318781456385544,0.318781456385544,8.01357142857143,1.46263584078787,155.4,3.3,39.33028053,NA,NA
208,NA,"T",2024,NA,NA,0.0310293192753977,0.310293192753977,8.04514285714286,1.49344323006169,158.7,3.3,20.15522555,NA,NA
209,NA,"T",2024,NA,NA,0.0402249382095961,0.402249382095961,8.07671428571429,1.52425061933552,162,3.3,17.26111911,NA,NA
210,NA,"T",2024,NA,NA,0.0335286413446926,0.335286413446926,8.10828571428571,1.55505800860935,165.3,3.3,15.77501753,NA,NA
211,NA,"T",2024,NA,NA,0.0238944621228632,0.238944621228632,8.13985714285714,1.58586539788318,168.6,3.3,18.81330255,NA,NA
212,NA,"T",2024,NA,NA,0.0234841960473375,0.234841960473375,8.17142857142857,1.616672787157,171.9,3.3,19.13818931,NA,NA
213,3.25,"T",2024,NA,NA,0.028435683165752,0.28435683165752,8.203,1.64748017643083,175.2,3.3,20.58123147,NA,NA
214,NA,"T",2024,NA,NA,0.0294731376096103,0.294731376096103,8.216,1.63355890717301,178.5,3.3,20.17020062,NA,NA
215,NA,"T",2024,NA,NA,0.0290958814482072,0.290958814482072,8.229,1.61963763791518,181.8,3.3,22.69881087,NA,NA
216,NA,"T",2024,NA,NA,0.0258892040762817,0.258892040762817,8.242,1.60571636865736,185.1,3.3,25.79124993,NA,NA
217,NA,"T",2024,NA,NA,0.027068129580666,0.270681295806661,8.255,1.59179509939954,188.4,3.3,23.18071211,NA,NA
218,NA,"T",2024,NA,NA,0.0352451568790763,0.352451568790763,8.268,1.57787383014172,191.7,3.3,25.66326532,NA,NA
219,NA,"T",2024,NA,NA,0.0340473685666217,0.340473685666217,8.281,1.56395256088389,195,3.3,24.297922,NA,NA
220,2.75,"T",2024,NA,NA,0.037961401241178,0.37961401241178,8.294,1.55003129162607,198.3,3.3,19.7393191,NA,NA
221,NA,"T",2024,NA,NA,0.0358864923534614,0.358864923534614,8.423,1.56247622524067,201.6,3.3,27.97212512,NA,NA
222,NA,"T",2024,NA,NA,0.0364052195753906,0.364052195753906,8.552,1.57492115885527,204.9,3.3,27.64297395,NA,NA
223,NA,"T",2024,NA,NA,0.0320196166990806,0.320196166990806,8.681,1.58736609246987,208.2,3.3,30.90149263,NA,NA
224,NA,"T",2024,NA,NA,0.0283413691254012,0.283413691254012,8.81,1.59981102608446,211.5,3.3,34.07786173,NA,NA
225,NA,"T",2024,NA,NA,0.0265965593789123,0.265965593789123,8.939,1.61225595969906,214.8,3.3,31.35657804,NA,NA
226,NA,"T",2024,NA,NA,0.0264550883183861,0.264550883183861,9.068,1.62470089331366,218.1,3.3,23.39079842,NA,NA
227,3.25,"T",2024,NA,NA,0.0268795014999646,0.268795014999646,9.197,1.63714582692826,221.4,3.3,24.58593091,NA,NA
228,NA,"T",2024,NA,NA,0.0275491311864549,0.275491311864549,9.11214285714286,1.62587949592151,224.7,3.3,27.53009936,NA,NA
229,NA,"T",2024,NA,NA,0.0296240400741715,0.296240400741715,9.02728571428571,1.61461316491477,228,3.3,28.223567,NA,NA
230,NA,"T",2024,NA,NA,0.0336135239810083,0.336135239810083,8.94242857142857,1.60334683390802,231.3,3.3,29.6158132,NA,NA
231,NA,"T",2024,NA,NA,0.0397722308159125,0.397722308159125,8.85757142857143,1.59208050290127,234.6,3.3,25.549211,NA,NA
232,NA,"T",2024,NA,NA,0.0306237689018894,0.306237689018894,8.77271428571428,1.58081417189452,237.9,3.3,38.21864276,NA,NA
233,NA,"T",2024,NA,NA,0.0229843316334785,0.229843316334784,8.68785714285714,1.56954784088778,241.2,3.3,41.17360719,NA,NA
234,3.25,"T",2024,NA,NA,0.0252337214958439,0.252337214958439,8.603,1.55828150988103,241.5,0.3,36.0716356,NA,NA
235,NA,"T",2024,NA,NA,0.0253138884301421,0.253138884301421,8.603,1.55828150988103,241.8,0.3,23.91553533,NA,NA
236,NA,"T",2024,NA,NA,0.0274689642521568,0.274689642521568,8.603,1.55828150988103,242.1,0.3,31.61690048,NA,NA
237,NA,"T",2024,NA,NA,0.0274689642521568,0.274689642521568,8.603,1.55828150988103,242.4,0.3,19.87052509,NA,NA
238,NA,"T",2024,NA,NA,0.0274689642521568,0.274689642521568,8.603,1.55828150988103,242.7,0.3,24.48258551,NA,NA
239,NA,"T",2024,NA,NA,0.0274689642521568,0.274689642521568,8.603,1.55828150988103,243,0.3,25.04388945,NA,NA
240,NA,"T",2024,NA,NA,0.0274689642521568,0.274689642521568,8.603,1.55828150988103,243.3,0.3,25.04388945,NA,NA
241,NA,"T",2024,NA,NA,0.0274689642521568,0.274689642521568,8.603,1.55828150988103,243.6,0.3,25.04388945,NA,NA
242,NA,"T",2024,NA,NA,0.0274689642521568,0.274689642521568,8.603,1.55828150988103,243.9,0.3,25.04388945,NA,NA
243,NA,"T",2024,NA,NA,0.0274689642521568,0.274689642521568,8.603,1.55828150988103,244.2,0.3,25.04388945,NA,NA
244,NA,"T",2024,NA,NA,0.0274689642521568,0.274689642521568,8.603,1.55828150988103,244.5,0.3,25.04388945,NA,NA
245,NA,"T",2024,NA,NA,0.0274689642521568,0.274689642521568,8.603,1.55828150988103,244.8,0.3,25.04388945,NA,NA
150,NA,"T",2025,NA,NA,0.00190985931710275,0.0190985931710275,7.41814285714286,1.16228059794578,0.3,0.3,15.5165234382475,NA,NA
151,NA,"T",2025,NA,NA,0.00113176848420903,0.0113176848420903,7.39971428571429,1.16228059794578,0.6,0.3,12.3236904676902,NA,NA
152,NA,"T",2025,NA,NA,0.00405550373508237,0.0405550373508237,7.38128571428571,1.16228059794578,0.9,0.3,12.7776536255162,NA,NA
153,NA,"T",2025,NA,NA,0.00386687565438086,0.0386687565438086,7.36285714285714,1.16228059794578,7.2,6.3,11.1477756941907,NA,NA
154,NA,"T",2025,NA,NA,0.00466854499736227,0.0466854499736227,7.34442857142857,1.16228059794578,13.5,6.3,33.4177397373774,NA,NA
155,2.75,"T",2025,NA,NA,0.00514011519911604,0.0514011519911604,7.326,1.16228059794578,19.8,6.3,14.3050228482811,NA,NA
156,NA,"T",2025,NA,NA,0.0032066773719256,0.032066773719256,7.30414285714286,1.18276412184897,26.1,6.3,13.3704191416286,NA,NA
157,NA,"T",2025,NA,NA,0.00476285903771301,0.0476285903771301,7.28228571428571,1.20324764575217,32.4,6.3,19.299557008828,NA,NA
158,NA,"T",2025,NA,NA,0.00452707393683614,0.0452707393683614,7.26042857142857,1.22373116965536,38.7,6.3,23.4082112913363,NA,NA
159,NA,"T",2025,NA,NA,0.00452707393683614,0.0452707393683614,7.23857142857143,1.24421469355856,45,6.3,25.9583264390268,NA,NA
160,NA,"T",2025,NA,NA,0.00517784081525633,0.0517784081525633,7.21671428571429,1.26469821746175,51.3,6.3,49.8944089540042,NA,NA
161,NA,"T",2025,NA,NA,0.00438560287631001,0.0438560287631001,7.19485714285714,1.28518174136495,57.6,6.3,35.4626203954111,NA,NA
162,2.25,"T",2025,NA,NA,0.00697923898595571,0.0697923898595571,7.173,1.30566526526814,63.9,6.3,21.5597478327969,NA,NA
163,NA,"T",2025,NA,NA,0.00603609858244817,0.0603609858244818,7.257,1.30768202486998,70.2,6.3,33.259021406403,NA,NA
164,NA,"T",2025,NA,NA,0.00538061600201045,0.0538061600201045,7.341,1.30969878447183,76.5,6.3,38.5017760615236,NA,NA
165,NA,"T",2025,NA,NA,0.00711127864244676,0.0711127864244676,7.425,1.31171554407367,82.8,6.3,41.0591175512169,NA,NA
166,NA,"T",2025,NA,NA,0.00660198282455268,0.0660198282455268,7.509,1.31373230367552,89.1,6.3,75.7681088336744,NA,NA
167,NA,"T",2025,NA,NA,0.00551737136051904,0.0551737136051904,7.593,1.31574906327736,95.4,6.3,90.0666889192062,NA,NA
168,NA,"T",2025,NA,NA,0.00603609858244817,0.0603609858244818,7.677,1.31776582287921,101.7,6.3,44.4023698778125,NA,NA
169,2.75,"T",2025,NA,NA,0.00674345388507882,0.0674345388507882,7.761,1.31978258248105,108,6.3,102.950418280173,NA,NA
170,NA,"T",2025,NA,NA,0.00641335474385119,0.0641335474385119,7.79371428571429,1.3110638328846,114.3,6.3,50.105104708781,NA,NA
171,NA,"T",2025,NA,NA,0.00631904070350043,0.0631904070350044,7.82642857142857,1.30234508328815,120.6,6.3,60.5629275520723,NA,NA
172,NA,"T",2025,NA,NA,0.00778090832893711,0.0778090832893711,7.85914285714286,1.2936263336917,126.9,6.3,56.2137144388003,NA,NA
173,NA,"T",2025,NA,NA,0.00983223870656598,0.0983223870656598,7.89185714285714,1.28490758409525,133.2,6.3,61.5534587926075,NA,NA
174,NA,"T",2025,NA,NA,0.00721502408683259,0.0721502408683259,7.92457142857143,1.2761888344988,139.5,6.3,70.1126691051481,NA,NA
175,NA,"T",2025,NA,NA,0.00697923898595571,0.0697923898595571,7.95728571428571,1.26747008490235,145.8,6.3,54.6337574710591,NA,NA
176,1.75,"T",2025,NA,NA,0.00848826363156775,0.0848826363156775,7.99,1.2587513353059,152.1,6.3,57.3701903523126,NA,NA
177,NA,"T",2025,NA,NA,0.00877120575262001,0.0877120575262001,7.971,1.26003061143697,158.4,6.3,51.3858214661223,NA,NA
178,NA,"T",2025,NA,NA,0.00957287509560141,0.0957287509560141,7.952,1.26130988756804,164.7,6.3,61.6953737018166,NA,NA
179,NA,"T",2025,NA,NA,0.00825247853069087,0.0825247853069087,7.933,1.26258916369911,171,6.3,46.0068981496501,NA,NA
180,NA,"T",2025,NA,NA,0.00660198282455269,0.0660198282455269,7.914,1.26386843983018,177.3,6.3,38.4917488590122,NA,NA
181,NA,"T",2025,NA,NA,0.00806385044998937,0.0806385044998937,7.895,1.26514771596125,183.6,6.3,43.445347968723,NA,NA
182,NA,"T",2025,NA,NA,0.00943140403507528,0.0943140403507528,7.876,1.26642699209232,189.9,6.3,37.1267686007016,NA,NA
183,2.25,"T",2025,NA,NA,0.00655482580437732,0.0655482580437732,7.857,1.26770626822339,196.2,6.3,31.4600105051831,NA,NA
184,NA,"T",2025,NA,NA,0.00665857124876314,0.0665857124876314,7.804,1.25498679352549,202.5,6.3,32.0489138462203,NA,NA
185,NA,"T",2025,NA,NA,0.00735649514735871,0.0735649514735871,7.751,1.2422673188276,208.8,6.3,35.5273962803507,NA,NA
186,NA,"T",2025,NA,NA,0.0085825776719185,0.085825776719185,7.698,1.2295478441297,215.1,6.3,38.7980560836333,NA,NA
187,NA,"T",2025,NA,NA,0.00990297423682906,0.0990297423682906,7.645,1.2168283694318,221.4,6.3,53.7688601041366,NA,NA
188,NA,"T",2025,NA,NA,0.00829963555086625,0.0829963555086625,7.592,1.2041088947339,227.7,6.3,36.7318446570374,NA,NA
189,NA,"T",2025,NA,NA,0.00829963555086623,0.0829963555086623,7.539,1.19138942003601,234,6.3,29.6534250045146,NA,NA
190,2.75,"T",2025,NA,NA,0.0107046435798105,0.107046435798105,7.486,1.17866994533811,240.3,6.3,24.958392247452,NA,NA
191,NA,"T",2025,NA,NA,0.0132982796894561,0.132982796894561,7.51607142857143,1.17499940134433,246.6,6.3,15.962324312185,NA,NA
192,NA,"T",2025,NA,NA,0.0140527920122622,0.140527920122622,7.54614285714286,1.17132885735055,252.9,6.3,15.8854874012498,NA,NA
193,NA,"T",2025,NA,NA,0.0102943775042847,0.102943775042847,7.57621428571429,1.16765831335677,259.2,6.3,19.7239113186026,NA,NA
194,NA,"T",2025,NA,NA,0.00980866019647829,0.0980866019647829,7.60628571428571,1.163987769363,265.5,6.3,16.7986332253725,NA,NA
195,NA,"T",2025,NA,NA,0.0123079822657732,0.123079822657732,7.63635714285714,1.16031722536922,271.8,6.3,33.8315566474823,NA,NA
196,NA,"T",2025,NA,NA,0.0147129902947174,0.147129902947174,7.66642857142857,1.15664668137544,278.1,6.3,21.5876954928313,NA,NA
197,2.75,"T",2025,NA,NA,0.014288577113139,0.14288577113139,7.6965,1.15297613738166,284.4,6.3,30.0887468119046,NA,NA
198,NA,"T",2025,NA,NA,0.016410643021031,0.16410643021031,7.71728571428571,1.17280319060069,284.7,0.3,24.6914529151605,NA,NA
199,NA,"T",2025,NA,NA,0.013534064790333,0.13534064790333,7.73807142857143,1.19263024381971,285,0.3,25.7170710933713,NA,NA
200,NA,"T",2025,NA,NA,0.0141471060526129,0.141471060526129,7.75885714285714,1.21245729703874,285.3,0.3,24.93471074113,NA,NA
201,NA,"T",2025,NA,NA,0.0162220149403295,0.162220149403295,7.77964285714286,1.23228435025776,285.6,0.3,23.2270303551005,NA,NA
202,NA,"T",2025,NA,NA,0.012402296306124,0.12402296306124,7.80042857142857,1.25211140347679,285.9,0.3,22.3296579813468,NA,NA
203,NA,"T",2025,NA,NA,0.0146186762543667,0.146186762543667,7.82121428571429,1.27193845669581,286.2,0.3,25.5979670468694,NA,NA
204,2.75,"T",2025,NA,NA,0.0153260315569973,0.153260315569973,7.842,1.29176550991484,286.5,0.3,47.7639988791853,NA,NA
205,NA,"T",2025,NA,NA,0.0151845604964712,0.151845604964712,7.90714285714286,1.29398848287683,286.8,0.3,49.7627075650401,NA,NA
206,NA,"T",2025,NA,NA,0.0161748579201541,0.161748579201541,7.97228571428571,1.29621145583883,287.1,0.3,48.7326551988991,NA,NA
207,NA,"T",2025,NA,NA,0.0115534699429672,0.115534699429672,8.03742857142857,1.29843442880082,287.4,0.3,46.3800290129927,NA,NA
208,NA,"T",2025,NA,NA,0.0157504447385757,0.157504447385757,8.10257142857143,1.30065740176281,287.7,0.3,49.4661036635057,NA,NA
209,NA,"T",2025,NA,NA,0.0165992711017325,0.165992711017325,8.16771428571429,1.3028803747248,288,0.3,29.8839357373201,NA,NA
210,NA,"T",2025,NA,NA,0.0173066264043631,0.173066264043631,8.23285714285714,1.3051033476868,288.3,0.3,27.8393998541578,NA,NA
211,2.75,"T",2025,NA,NA,0.0136283788306838,0.136283788306838,8.298,1.30732632064879,288.6,0.3,35.0698295286031,NA,NA
212,NA,"T",2025,NA,NA,0.0171179983236616,0.171179983236616,8.25385714285714,1.29392641912314,288.9,0.3,24.3421802987936,NA,NA
213,NA,"T",2025,NA,NA,0.0231540969061098,0.231540969061098,8.20971428571429,1.28052651759748,289.2,0.3,24.1275953789897,NA,NA
214,NA,"T",2025,NA,NA,0.0141942630727883,0.141942630727883,8.16557142857143,1.26712661607183,289.5,0.3,24.5024527286204,NA,NA
215,NA,"T",2025,NA,NA,0.0194758493324305,0.194758493324305,8.12142857142857,1.25372671454617,289.8,0.3,25.1210162856823,NA,NA
216,NA,"T",2025,NA,NA,0.0205604607964641,0.205604607964641,8.07728571428571,1.24032681302052,290.1,0.3,21.5749013849121,NA,NA
217,NA,"T",2025,NA,NA,0.0180611387271692,0.180611387271692,8.03314285714286,1.22692691149486,290.4,0.3,19.2171070585083,NA,NA
218,2.25,"T",2025,NA,NA,0.0176367255455908,0.176367255455908,7.989,1.21352700996921,290.7,0.3,23.0046836474708,NA,NA
219,NA,"T",2025,NA,NA,0.0216922292806732,0.216922292806732,8.078,1.20647394356106,291,0.3,23.0603891672316,NA,NA
220,NA,"T",2025,NA,NA,0.0193107997618166,0.193107997618166,8.167,1.19942087715291,291.3,0.3,22.628847694417,NA,NA
221,NA,"T",2025,NA,NA,0.0184383948885722,0.184383948885722,8.256,1.19236781074476,291.6,0.3,28.2133804656685,NA,NA
222,NA,"T",2025,NA,NA,0.0179668246868184,0.179668246868184,8.345,1.18531474433662,291.9,0.3,27.8147127544607,NA,NA
223,NA,"T",2025,NA,NA,0.0265022453385615,0.265022453385615,8.434,1.17826167792847,292.2,0.3,26.1558754752204,NA,NA
224,NA,"T",2025,NA,NA,0.018674179989449,0.18674179989449,8.523,1.17120861152032,292.5,0.3,25.3319854225541,NA,NA
225,NA,"T",2025,NA,NA,0.0202303616552365,0.202303616552365,8.612,1.16415554511217,292.8,0.3,25.839048263802,NA,NA
226,NA,"T",2025,NA,NA,0.0198059484736581,0.198059484736581,8.53228571428571,1.15710247870402,293.1,0.3,26.5400034380614,NA,NA
227,NA,"T",2025,NA,NA,0.020796245897341,0.20796245897341,8.45257142857143,1.15004941229587,293.4,0.3,20.8937054674902,NA,NA
228,NA,"T",2025,NA,NA,0.0237199811482143,0.237199811482143,8.37285714285714,1.14299634588772,293.7,0.3,21.5229196078917,NA,NA
229,NA,"T",2025,NA,NA,0.0300390218517148,0.300390218517148,8.29314285714286,1.13594327947958,294,0.3,23.3080480966739,NA,NA
230,NA,"T",2025,NA,NA,0.0236256671078636,0.236256671078636,8.21342857142857,1.12889021307143,294.3,0.3,19.419655330338,NA,NA
231,NA,"T",2025,NA,NA,0.0272567576613676,0.272567576613676,8.13371428571429,1.12183714666328,294.6,0.3,23.8649509316498,NA,NA
232,3.25,"T",2025,NA,NA,0.0186741799894491,0.186741799894491,8.054,1.11478408025513,294.9,0.3,27.1838443911912,NA,NA
233,NA,"T",2025,NA,NA,0.0179149519646255,0.179149519646255,8.054,1.11478408025513,295.2,0.3,19.173139555962,NA,NA
234,NA,"T",2025,NA,NA,0.0179149519646255,0.179149519646255,8.054,1.11478408025513,295.5,0.3,16.3983112912967,NA,NA
235,NA,"T",2025,NA,NA,0.0179149519646255,0.179149519646255,8.054,1.11478408025513,295.8,0.3,16.3983112912967,NA,NA
236,NA,"T",2025,NA,NA,0.0179149519646255,0.179149519646255,8.054,1.11478408025513,296.1,0.3,16.3983112912967,NA,NA
237,NA,"T",2025,NA,NA,0.0179149519646255,0.179149519646255,8.054,1.11478408025513,296.4,0.3,16.3983112912967,NA,NA
238,NA,"T",2025,NA,NA,0.0179149519646255,0.179149519646255,8.054,1.11478408025513,296.7,0.3,16.3983112912967,NA,NA
239,NA,"T",2025,NA,NA,0.0179149519646255,0.179149519646255,8.054,1.11478408025513,297,0.3,16.3983112912967,NA,NA
240,NA,"T",2025,NA,NA,0.0179149519646255,0.179149519646255,8.054,1.11478408025513,297.3,0.3,16.3983112912967,NA,NA
241,NA,"T",2025,NA,NA,0.0179149519646255,0.179149519646255,8.054,1.11478408025513,297.6,0.3,16.3983112912967,NA,NA
242,NA,"T",2025,NA,NA,0.0179149519646255,0.179149519646255,8.054,1.11478408025513,297.9,0.3,16.3983112912967,NA,NA
243,NA,"T",2025,NA,NA,0.0179149519646255,0.179149519646255,8.054,1.11478408025513,298.2,0.3,16.3983112912967,NA,NA
244,NA,"T",2025,NA,NA,0.0179149519646255,0.179149519646255,8.054,1.11478408025513,298.5,0.3,16.3983112912967,NA,NA
245,NA,"T",2025,NA,NA,0.0179149519646255,0.179149519646255,8.054,1.11478408025513,298.8,0.3,16.3983112912967,NA,NA
